inst#,actual,predicted,error
1,?,?,?
1,?,?,?
1,?,?,?
1,?,0.333,?
1,?,?,?
1,?,?,?
1,?,0.002,?
1,?,?,?
1,?,?,?
1,?,?,?
1,?,?,?
1,?,?,?
1,?,?,?
1,?,?,?
1,?,?,?
1,?,?,?
1,?,?,?
1,?,?,?
1,?,?,?
1,?,?,?
1,?,?,?
1,?,?,?
1,?,?,?
1,?,0.25,?
1,?,?,?
1,?,?,?
1,?,?,?
1,?,?,?
1,?,?,?
1,?,?,?
1,?,?,?
1,?,?,?
1,?,?,?
1,?,?,?
1,?,?,?
1,?,0.167,?
1,?,?,?
1,?,?,?
1,?,?,?
1,?,?,?
1,?,?,?
1,?,?,?
1,?,?,?
1,?,?,?
1,?,?,?
1,?,?,?
1,?,?,?
1,?,?,?
1,?,?,?
1,?,0.036,?
1,?,?,?
1,?,?,?
1,?,?,?
1,?,?,?
1,?,?,?
1,?,?,?
1,?,?,?
1,?,?,?
1,?,?,?
1,?,?,?
1,?,0.034,?
1,?,?,?
1,?,?,?
1,?,?,?
1,?,?,?
1,?,?,?
1,?,?,?
1,?,0.111,?
1,?,?,?
1,?,?,?
1,?,?,?
1,?,?,?
1,?,?,?
1,?,?,?
1,?,?,?
1,?,?,?
1,?,?,?
1,?,?,?
1,?,0.167,?
1,?,?,?
1,?,?,?
1,?,?,?
1,?,?,?
1,?,?,?
1,?,?,?
1,?,?,?
1,?,?,?
1,?,?,?
1,?,?,?
1,?,?,?
1,?,0.083,?
1,?,0.067,?
1,?,?,?
1,?,?,?
1,?,?,?
1,?,?,?
1,?,?,?
1,?,0.111,?
1,?,?,?
1,?,?,?
1,?,?,?
1,?,?,?
1,?,?,?
1,?,?,?
1,?,?,?
1,?,?,?
1,?,?,?
1,?,?,?
1,?,?,?
1,?,0.333,?
1,?,?,?
1,?,?,?
1,?,?,?
1,?,?,?
1,?,?,?
1,?,?,?
1,?,0.007,?
1,?,?,?
1,?,?,?
1,?,?,?
1,?,?,?
1,?,?,?
1,?,0.022,?
1,?,?,?
1,?,?,?
1,?,?,?
1,?,?,?
1,?,?,?
1,?,?,?
1,?,?,?
1,?,?,?
1,?,?,?
1,?,?,?
1,?,?,?
1,?,?,?
1,?,?,?
1,?,0.067,?
1,?,?,?
1,?,?,?
1,?,?,?
1,?,?,?
1,?,?,?
1,?,?,?
1,?,?,?
1,?,?,?
1,?,?,?
1,?,?,?
1,?,?,?
1,?,?,?
1,?,?,?
1,?,?,?
1,?,?,?
1,?,?,?
1,?,?,?
1,?,?,?
1,?,?,?
1,?,?,?
1,?,?,?
1,?,?,?
1,?,?,?
1,?,?,?
1,?,?,?
1,?,?,?
1,?,?,?
1,?,?,?
1,?,?,?
1,?,?,?
1,?,?,?
1,?,?,?
1,?,?,?
1,?,?,?
1,?,?,?
1,?,?,?
1,?,?,?
1,?,?,?
1,?,?,?
1,?,?,?
1,?,?,?
1,?,?,?
1,?,?,?
1,?,?,?
1,?,?,?
1,?,?,?
1,?,?,?
1,?,?,?
1,?,?,?
1,?,?,?
1,?,?,?
1,?,?,?
1,?,?,?
1,?,?,?
1,?,?,?
1,?,?,?
1,?,?,?
1,?,?,?
1,?,?,?
1,?,?,?
1,?,?,?
1,?,0.042,?
1,?,?,?
1,?,?,?
1,?,?,?
1,?,?,?
1,?,?,?
1,?,?,?
1,?,0.036,?
1,?,?,?
1,?,0.002,?
1,?,?,?
1,?,?,?
1,?,?,?
1,?,?,?
1,?,?,?
1,?,?,?
1,?,?,?
1,?,?,?
1,?,?,?
1,?,?,?
1,?,?,?
1,?,0.03,?
1,?,?,?
1,?,?,?
1,?,?,?
1,?,?,?
1,?,?,?
1,?,?,?
1,?,?,?
1,?,?,?
1,?,?,?
1,?,?,?
1,?,?,?
1,?,?,?
1,?,?,?
1,?,?,?
1,?,?,?
1,?,?,?
1,?,?,?
1,?,?,?
1,?,?,?
1,?,0.002,?
1,?,?,?
1,?,?,?
1,?,0.067,?
1,?,0.25,?
1,?,?,?
1,?,?,?
1,?,?,?
1,?,?,?
1,?,?,?
1,?,?,?
1,?,?,?
1,?,?,?
1,?,?,?
1,?,?,?
1,?,?,?
1,?,?,?
1,?,0.173,?
1,?,0.002,?
1,?,?,?
1,?,?,?
1,?,?,?
1,?,?,?
1,?,?,?
1,?,?,?
1,?,?,?
1,?,?,?
1,?,?,?
1,?,0.053,?
1,?,?,?
1,?,?,?
1,?,?,?
1,?,?,?
1,?,?,?
1,?,?,?
1,?,?,?
1,?,?,?
1,?,?,?
1,?,?,?
1,?,?,?
1,?,?,?
1,?,0.011,?
1,?,?,?
1,?,?,?
1,?,?,?
1,?,?,?
1,?,?,?
1,?,?,?
1,?,?,?
1,?,?,?
1,?,?,?
1,?,?,?
1,?,0.006,?
1,?,?,?
1,?,?,?
1,?,?,?
1,?,?,?
1,?,?,?
1,?,0.015,?
1,?,?,?
1,?,0.053,?
1,?,?,?
1,?,?,?
1,?,?,?
1,?,?,?
1,?,?,?
1,?,?,?
1,?,?,?
1,?,?,?
1,?,?,?
1,?,?,?
1,?,?,?
1,?,?,?
1,?,?,?
1,?,?,?
1,?,?,?
1,?,0.065,?
1,?,?,?
1,?,?,?
1,?,?,?
1,?,?,?
1,?,?,?
1,?,?,?
1,?,?,?
1,?,?,?
1,?,?,?
1,?,?,?
1,?,?,?
1,?,?,?
1,?,?,?
1,?,0.005,?
1,?,?,?
1,?,?,?
1,?,?,?
1,?,?,?
1,?,?,?
1,?,?,?
1,?,?,?
1,?,?,?
1,?,?,?
1,?,?,?
1,?,?,?
1,?,?,?
1,?,?,?
1,?,?,?
1,?,?,?
1,?,0.333,?
1,?,0.143,?
1,?,?,?
1,?,?,?
1,?,0.015,?
1,?,?,?
1,?,?,?
1,?,?,?
1,?,?,?
1,?,?,?
1,?,?,?
1,?,?,?
1,?,?,?
1,?,0.071,?
1,?,?,?
1,?,?,?
1,?,?,?
1,?,?,?
1,?,?,?
1,?,?,?
1,?,?,?
1,?,?,?
1,?,?,?
1,?,?,?
1,?,?,?
1,?,?,?
1,?,?,?
1,?,?,?
1,?,?,?
1,?,?,?
1,?,?,?
1,?,?,?
1,?,?,?
1,?,?,?
1,?,?,?
1,?,?,?
1,?,?,?
1,?,?,?
1,?,?,?
1,?,?,?
1,?,?,?
1,?,?,?
1,?,?,?
1,?,?,?
1,?,?,?
1,?,?,?
1,?,?,?
1,?,?,?
1,?,?,?
1,?,0.018,?
1,?,?,?
1,?,?,?
1,?,?,?
1,?,?,?
1,?,?,?
1,?,0.106,?
1,?,?,?
1,?,?,?
1,?,?,?
1,?,0.015,?
1,?,?,?
1,?,?,?
1,?,?,?
1,?,?,?
1,?,?,?
1,?,?,?
1,?,?,?
1,?,?,?
1,?,?,?
1,?,?,?
1,?,?,?
1,?,?,?
1,?,?,?
1,?,?,?
1,?,?,?
1,?,?,?
1,?,?,?
1,?,?,?
1,?,?,?
1,?,?,?
1,?,?,?
1,?,?,?
1,?,?,?
1,?,?,?
1,?,?,?
1,?,0.006,?
1,?,?,?
1,?,?,?
1,?,?,?
1,?,?,?
1,?,?,?
1,?,?,?
1,?,?,?
1,?,?,?
1,?,0.022,?
1,?,?,?
1,?,?,?
1,?,?,?
1,?,?,?
1,?,?,?
1,?,?,?
1,?,?,?
1,?,?,?
1,?,?,?
1,?,?,?
1,?,?,?
1,?,?,?
1,?,?,?
1,?,?,?
1,?,?,?
1,?,?,?
1,?,0.143,?
1,?,?,?
1,?,?,?
1,?,?,?
1,?,?,?
1,?,?,?
1,?,?,?
1,?,?,?
1,?,?,?
1,?,?,?
1,?,0.029,?
1,?,?,?
1,?,?,?
1,?,?,?
1,?,?,?
1,?,?,?
1,?,?,?
1,?,?,?
1,?,?,?
1,?,?,?
1,?,?,?
1,?,?,?
1,?,?,?
1,?,?,?
1,?,?,?
1,?,?,?
1,?,0.002,?
1,?,?,?
1,?,?,?
1,?,?,?
1,?,0.2,?
1,?,?,?
1,?,?,?
1,?,?,?
1,?,?,?
1,?,?,?
1,?,?,?
1,?,?,?
1,?,?,?
1,?,?,?
1,?,0.015,?
1,?,?,?
1,?,?,?
1,?,?,?
1,?,?,?
1,?,?,?
1,?,?,?
1,?,?,?
1,?,?,?
1,?,?,?
1,?,?,?
1,?,?,?
1,?,?,?
1,?,0.143,?
1,?,?,?
1,?,?,?
1,?,?,?
1,?,?,?
1,?,0.023,?
1,?,?,?
1,?,?,?
1,?,?,?
1,?,?,?
1,?,?,?
1,?,0.053,?
1,?,?,?
1,?,?,?
1,?,?,?
1,?,?,?
1,?,?,?
1,?,?,?
1,?,?,?
1,?,?,?
1,?,?,?
1,?,0.02,?
1,?,0.195,?
1,?,?,?
1,?,?,?
1,?,?,?
1,?,?,?
1,?,?,?
1,?,?,?
1,?,?,?
1,?,?,?
1,?,0.1,?
1,?,?,?
1,?,?,?
1,?,0.083,?
1,?,?,?
1,?,?,?
1,?,?,?
1,?,0.013,?
1,?,?,?
1,?,?,?
1,?,?,?
1,?,?,?
1,?,?,?
1,?,?,?
1,?,?,?
1,?,?,?
1,?,?,?
1,?,0.007,?
1,?,?,?
1,?,?,?
1,?,?,?
1,?,?,?
1,?,?,?
1,?,?,?
1,?,?,?
1,?,?,?
1,?,?,?
1,?,?,?
1,?,?,?
1,?,?,?
1,?,?,?
1,?,?,?
1,?,?,?
1,?,?,?
1,?,?,?
1,?,?,?
1,?,?,?
1,?,?,?
1,?,?,?
1,?,?,?
1,?,?,?
1,?,?,?
1,?,?,?
1,?,?,?
1,?,?,?
1,?,?,?
1,?,?,?
1,?,?,?
1,?,?,?
1,?,?,?
1,?,?,?
1,?,?,?
1,?,?,?
1,?,?,?
1,?,?,?
1,?,?,?
1,?,0.036,?
1,?,?,?
1,?,0.048,?
1,?,?,?
1,?,?,?
1,?,?,?
1,?,?,?
1,?,?,?
1,?,?,?
1,?,?,?
1,?,?,?
1,?,?,?
1,?,?,?
1,?,?,?
1,?,?,?
1,?,?,?
1,?,?,?
1,?,?,?
1,?,?,?
1,?,?,?
1,?,?,?
1,?,?,?
1,?,?,?
1,?,?,?
1,?,?,?
1,?,?,?
1,?,?,?
1,?,0.025,?
1,?,?,?
1,?,?,?
1,?,?,?
1,?,?,?
1,?,?,?
1,?,?,?
1,?,?,?
1,?,?,?
1,?,?,?
1,?,?,?
1,?,?,?
1,?,?,?
1,?,?,?
1,?,?,?
1,?,?,?
1,?,?,?
1,?,0.204,?
1,?,?,?
1,?,?,?
1,?,?,?
1,?,?,?
1,?,?,?
1,?,?,?
1,?,?,?
1,?,?,?
1,?,?,?
1,?,0.024,?
1,?,?,?
1,?,?,?
1,?,?,?
1,?,?,?
1,?,?,?
1,?,?,?
1,?,0.002,?
1,?,?,?
1,?,?,?
1,?,?,?
1,?,?,?
1,?,?,?
1,?,?,?
1,?,?,?
1,?,?,?
1,?,?,?
1,?,?,?
1,?,?,?
1,?,?,?
1,?,?,?
1,?,?,?
1,?,?,?
1,?,?,?
1,?,0.006,?
1,?,?,?
1,?,?,?
1,?,?,?
1,?,?,?
1,?,?,?
1,?,?,?
1,?,?,?
1,?,?,?
1,?,?,?
1,?,?,?
1,?,?,?
1,?,?,?
1,?,?,?
1,?,0.089,?
1,?,?,?
1,?,?,?
1,?,?,?
1,?,?,?
1,?,?,?
1,?,?,?
1,?,0.002,?
1,?,?,?
1,?,?,?
1,?,?,?
1,?,?,?
1,?,?,?
1,?,0.008,?
1,?,?,?
1,?,?,?
1,?,?,?
1,?,?,?
1,?,0.036,?
1,?,?,?
1,?,?,?
1,?,?,?
1,?,?,?
1,?,?,?
1,?,?,?
1,?,?,?
1,?,?,?
1,?,?,?
1,?,?,?
1,?,?,?
1,?,?,?
1,?,?,?
1,?,?,?
1,?,?,?
1,?,?,?
1,?,?,?
1,?,?,?
1,?,?,?
1,?,?,?
1,?,?,?
1,?,?,?
1,?,?,?
1,?,?,?
1,?,?,?
1,?,?,?
1,?,?,?
1,?,?,?
1,?,?,?
1,?,?,?
1,?,?,?
1,?,?,?
1,?,?,?
1,?,?,?
1,?,?,?
1,?,?,?
1,?,0.032,?
1,?,?,?
1,?,?,?
1,?,?,?
1,?,?,?
1,?,?,?
1,?,?,?
1,?,?,?
1,?,?,?
1,?,?,?
1,?,?,?
1,?,?,?
1,?,?,?
1,?,?,?
1,?,?,?
1,?,?,?
1,?,?,?
1,?,?,?
1,?,?,?
1,?,?,?
1,?,?,?
1,?,?,?
1,?,?,?
1,?,?,?
1,?,?,?
1,?,?,?
1,?,?,?
1,?,?,?
1,?,?,?
1,?,?,?
1,?,?,?
1,?,?,?
1,?,?,?
1,?,?,?
1,?,0.002,?
1,?,?,?
1,?,?,?
1,?,?,?
1,?,?,?
1,?,?,?
1,?,?,?
1,?,?,?
1,?,?,?
1,?,0.005,?
1,?,?,?
1,?,?,?
1,?,?,?
1,?,?,?
1,?,?,?
1,?,?,?
1,?,0.02,?
1,?,?,?
1,?,?,?
1,?,?,?
1,?,?,?
1,?,?,?
1,?,?,?
1,?,?,?
1,?,?,?
1,?,?,?
1,?,?,?
1,?,?,?
1,?,?,?
1,?,?,?
1,?,?,?
1,?,?,?
1,?,0.034,?
1,?,?,?
1,?,?,?
1,?,?,?
1,?,?,?
1,?,?,?
1,?,?,?
1,?,?,?
1,?,?,?
1,?,?,?
1,?,?,?
1,?,?,?
1,?,?,?
1,?,?,?
1,?,?,?
1,?,?,?
1,?,?,?
1,?,?,?
1,?,0.002,?
1,?,?,?
1,?,?,?
1,?,?,?
1,?,?,?
1,?,?,?
1,?,0.898,?
1,?,?,?
1,?,?,?
1,?,?,?
1,?,?,?
1,?,?,?
1,?,?,?
1,?,?,?
1,?,0.049,?
1,?,?,?
1,?,?,?
1,?,?,?
1,?,?,?
1,?,?,?
1,?,?,?
1,?,?,?
1,?,?,?
1,?,?,?
1,?,?,?
1,?,?,?
1,?,?,?
1,?,?,?
1,?,?,?
1,?,?,?
1,?,?,?
1,?,0.018,?
1,?,?,?
1,?,?,?
1,?,?,?
1,?,?,?
1,?,?,?
1,?,?,?
1,?,?,?
1,?,?,?
1,?,?,?
1,?,?,?
1,?,?,?
1,?,?,?
1,?,?,?
1,?,?,?
1,?,?,?
1,?,?,?
1,?,?,?
1,?,?,?
1,?,?,?
1,?,?,?
1,?,?,?
1,?,?,?
1,?,?,?
1,?,?,?
1,?,?,?
1,?,?,?
1,?,?,?
1,?,?,?
1,?,?,?
1,?,?,?
1,?,?,?
1,?,?,?
1,?,?,?
1,?,?,?
1,?,?,?
1,?,?,?
1,?,?,?
1,?,?,?
1,?,?,?
1,?,?,?
1,?,?,?
1,?,?,?
1,?,?,?
1,?,?,?
1,?,?,?
1,?,?,?
1,?,?,?
1,?,?,?
1,?,?,?
1,?,?,?
1,?,?,?
1,?,?,?
1,?,?,?
1,?,?,?
1,?,0.012,?
1,?,?,?
1,?,?,?
1,?,?,?
1,?,?,?
1,?,0.002,?
1,?,?,?
1,?,?,?
1,?,?,?
1,?,?,?
1,?,?,?
1,?,?,?
1,?,?,?
1,?,?,?
1,?,?,?
1,?,?,?
1,?,?,?
1,?,?,?
1,?,?,?
1,?,?,?
1,?,?,?
1,?,?,?
1,?,0.048,?
1,?,?,?
1,?,?,?
1,?,?,?
1,?,?,?
1,?,?,?
1,?,?,?
1,?,?,?
1,?,?,?
1,?,?,?
1,?,0.013,?
1,?,?,?
1,?,?,?
1,?,?,?
1,?,?,?
1,?,?,?
1,?,?,?
1,?,?,?
1,?,?,?
1,?,?,?
1,?,?,?
1,?,?,?
1,?,?,?
1,?,?,?
1,?,?,?
1,?,?,?
1,?,?,?
1,?,?,?
1,?,0.007,?
1,?,?,?
1,?,?,?
1,?,?,?
1,?,?,?
1,?,?,?
1,?,?,?
1,?,?,?
1,?,?,?
1,?,?,?
1,?,?,?
1,?,0.143,?
1,?,?,?
1,?,?,?
1,?,?,?
1,?,?,?
1,?,?,?
1,?,?,?
1,?,?,?
1,?,?,?
1,?,?,?
1,?,?,?
1,?,?,?
1,?,?,?
1,?,?,?
1,?,?,?
1,?,?,?
1,?,?,?
1,?,?,?
1,?,?,?
1,?,?,?
1,?,?,?
1,?,?,?
1,?,?,?
1,?,?,?
1,?,?,?
1,?,?,?
1,?,?,?
1,?,?,?
1,?,?,?
1,?,?,?
1,?,?,?
1,?,?,?
1,?,?,?
1,?,0.015,?
1,?,?,?
1,?,?,?
1,?,?,?
1,?,?,?
1,?,?,?
1,?,?,?
1,?,?,?
1,?,?,?
1,?,?,?
1,?,?,?
1,?,0.071,?
1,?,?,?
1,?,?,?
1,?,?,?
1,?,?,?
1,?,?,?
1,?,?,?
1,?,?,?
1,?,?,?
1,?,?,?
1,?,?,?
1,?,?,?
1,?,?,?
1,?,?,?
1,?,0.077,?
1,?,?,?
1,?,?,?
1,?,?,?
1,?,?,?
1,?,?,?
1,?,0.059,?
1,?,?,?
1,?,?,?
1,?,?,?
1,?,?,?
1,?,?,?
1,?,?,?
1,?,?,?
1,?,?,?
1,?,?,?
1,?,?,?
1,?,?,?
1,?,?,?
1,?,?,?
1,?,?,?
1,?,?,?
1,?,?,?
1,?,?,?
1,?,?,?
1,?,?,?
1,?,0.006,?
1,?,?,?
1,?,?,?
1,?,?,?
1,?,?,?
1,?,?,?
1,?,?,?
1,?,?,?
1,?,?,?
1,?,?,?
1,?,?,?
1,?,?,?
1,?,?,?
1,?,?,?
1,?,?,?
1,?,?,?
1,?,?,?
1,?,?,?
1,?,?,?
1,?,?,?
1,?,?,?
1,?,?,?
1,?,?,?
1,?,?,?
1,?,?,?
1,?,?,?
1,?,?,?
1,?,?,?
1,?,?,?
1,?,?,?
1,?,?,?
1,?,?,?
1,?,?,?
1,?,0.5,?
1,?,?,?
1,?,?,?
1,?,?,?
1,?,?,?
1,?,?,?
1,?,?,?
1,?,?,?
1,?,?,?
1,?,?,?
1,?,?,?
1,?,?,?
1,?,?,?
1,?,?,?
1,?,?,?
1,?,?,?
1,?,?,?
1,?,?,?
1,?,?,?
1,?,?,?
1,?,0.022,?
1,?,?,?
1,?,?,?
1,?,?,?
1,?,?,?
1,?,?,?
1,?,?,?
1,?,?,?
1,?,?,?
1,?,?,?
1,?,?,?
1,?,?,?
1,?,?,?
1,?,?,?
1,?,?,?
1,?,?,?
1,?,?,?
1,?,?,?
1,?,0.067,?
1,?,?,?
1,?,?,?
1,?,?,?
1,?,?,?
1,?,?,?
1,?,0.009,?
1,?,?,?
1,?,?,?
1,?,?,?
1,?,?,?
1,?,?,?
1,?,?,?
1,?,?,?
1,?,?,?
1,?,?,?
1,?,?,?
1,?,?,?
1,?,?,?
1,?,?,?
1,?,?,?
1,?,?,?
1,?,?,?
1,?,?,?
1,?,?,?
1,?,?,?
1,?,0.017,?
1,?,?,?
1,?,0.018,?
1,?,?,?
1,?,?,?
1,?,?,?
1,?,?,?
1,?,?,?
1,?,?,?
1,?,?,?
1,?,?,?
1,?,?,?
1,?,?,?
1,?,?,?
1,?,0.036,?
1,?,?,?
1,?,?,?
1,?,?,?
1,?,?,?
1,?,0.006,?
1,?,?,?
1,?,?,?
1,?,?,?
1,?,?,?
1,?,?,?
1,?,?,?
1,?,?,?
1,?,?,?
1,?,?,?
1,?,0.006,?
1,?,?,?
1,?,?,?
1,?,?,?
1,?,?,?
1,?,?,?
1,?,?,?
1,?,?,?
1,?,?,?
1,?,?,?
1,?,0.067,?
1,?,?,?
1,?,?,?
1,?,?,?
1,?,?,?
1,?,?,?
1,?,?,?
1,?,?,?
1,?,?,?
1,?,?,?
1,?,?,?
1,?,?,?
1,?,0.007,?
1,?,?,?
1,?,?,?
1,?,?,?
1,?,?,?
1,?,?,?
1,?,?,?
1,?,?,?
1,?,?,?
1,?,?,?
1,?,?,?
1,?,?,?
1,?,?,?
1,?,?,?
1,?,?,?
1,?,?,?
1,?,?,?
1,?,?,?
1,?,0.006,?
1,?,?,?
1,?,?,?
1,?,?,?
1,?,?,?
1,?,?,?
1,?,?,?
1,?,?,?
1,?,?,?
1,?,?,?
1,?,?,?
1,?,?,?
1,?,?,?
1,?,?,?
1,?,0.02,?
1,?,?,?
1,?,?,?
1,?,?,?
1,?,?,?
1,?,?,?
1,?,?,?
1,?,?,?
1,?,?,?
1,?,?,?
1,?,?,?
1,?,?,?
1,?,?,?
1,?,?,?
1,?,0.189,?
1,?,?,?
1,?,?,?
1,?,?,?
1,?,?,?
1,?,?,?
1,?,?,?
1,?,?,?
1,?,?,?
1,?,?,?
1,?,?,?
1,?,?,?
1,?,?,?
1,?,?,?
1,?,?,?
1,?,?,?
1,?,?,?
1,?,?,?
1,?,?,?
1,?,?,?
1,?,?,?
1,?,0.077,?
1,?,?,?
1,?,?,?
1,?,?,?
1,?,?,?
1,?,0.065,?
1,?,?,?
1,?,0.005,?
1,?,?,?
1,?,?,?
1,?,?,?
1,?,?,?
1,?,?,?
1,?,?,?
1,?,0.022,?
1,?,?,?
1,?,?,?
1,?,?,?
1,?,?,?
1,?,?,?
1,?,?,?
1,?,?,?
1,?,?,?
1,?,?,?
1,?,?,?
1,?,?,?
1,?,?,?
1,?,?,?
1,?,?,?
1,?,?,?
1,?,?,?
1,?,?,?
1,?,?,?
1,?,?,?
1,?,?,?
1,?,?,?
1,?,?,?
1,?,?,?
1,?,?,?
1,?,?,?
1,?,?,?
1,?,?,?
1,?,?,?
1,?,?,?
1,?,?,?
1,?,?,?
1,?,?,?
1,?,?,?
1,?,?,?
1,?,?,?
1,?,?,?
1,?,0.071,?
1,?,?,?
1,?,?,?
1,?,?,?
1,?,?,?
1,?,?,?
1,?,?,?
1,?,?,?
1,?,?,?
1,?,?,?
1,?,?,?
1,?,?,?
1,?,?,?
1,?,?,?
1,?,?,?
1,?,?,?
1,?,?,?
1,?,?,?
1,?,?,?
1,?,?,?
1,?,?,?
1,?,?,?
1,?,?,?
1,?,0.5,?
1,?,?,?
1,?,0.019,?
1,?,?,?
1,?,?,?
1,?,?,?
1,?,?,?
1,?,?,?
1,?,?,?
1,?,?,?
1,?,?,?
1,?,?,?
1,?,?,?
1,?,?,?
1,?,?,?
1,?,?,?
1,?,?,?
1,?,0.017,?
1,?,?,?
1,?,0.018,?
1,?,?,?
1,?,?,?
1,?,?,?
1,?,?,?
1,?,0.143,?
1,?,?,?
1,?,?,?
1,?,?,?
1,?,?,?
1,?,?,?
1,?,?,?
1,?,?,?
1,?,?,?
1,?,?,?
1,?,?,?
1,?,?,?
1,?,?,?
1,?,?,?
1,?,?,?
1,?,?,?
1,?,?,?
1,?,?,?
1,?,?,?
1,?,?,?
1,?,?,?
1,?,?,?
1,?,?,?
1,?,?,?
1,?,?,?
1,?,0.005,?
1,?,?,?
1,?,?,?
1,?,?,?
1,?,?,?
1,?,?,?
1,?,0.002,?
1,?,?,?
1,?,?,?
1,?,?,?
1,?,?,?
1,?,?,?
1,?,?,?
1,?,?,?
1,?,?,?
1,?,?,?
1,?,?,?
1,?,0.243,?
1,?,?,?
1,?,?,?
1,?,?,?
1,?,?,?
1,?,?,?
1,?,?,?
1,?,?,?
1,?,?,?
1,?,?,?
1,?,0.007,?
1,?,?,?
1,?,?,?
1,?,?,?
1,?,?,?
1,?,?,?
1,?,0.1,?
1,?,?,?
1,?,?,?
1,?,?,?
1,?,0.014,?
1,?,?,?
1,?,?,?
1,?,?,?
1,?,0.077,?
1,?,?,?
1,?,?,?
1,?,?,?
1,?,?,?
1,?,?,?
1,?,?,?
1,?,?,?
1,?,?,?
1,?,?,?
1,?,?,?
1,?,?,?
1,?,?,?
1,?,?,?
1,?,?,?
1,?,?,?
1,?,0.2,?
1,?,?,?
1,?,?,?
1,?,?,?
1,?,0.002,?
1,?,?,?
1,?,?,?
1,?,?,?
1,?,?,?
1,?,?,?
1,?,?,?
1,?,?,?
1,?,0.006,?
1,?,?,?
1,?,?,?
1,?,?,?
1,?,?,?
1,?,?,?
1,?,?,?
1,?,?,?
1,?,?,?
1,?,?,?
1,?,?,?
1,?,?,?
1,?,?,?
1,?,?,?
1,?,?,?
1,?,?,?
1,?,?,?
1,?,?,?
1,?,?,?
1,?,?,?
1,?,?,?
1,?,?,?
1,?,?,?
1,?,?,?
1,?,?,?
1,?,?,?
1,?,?,?
1,?,?,?
1,?,?,?
1,?,?,?
1,?,?,?
1,?,?,?
1,?,?,?
1,?,?,?
1,?,?,?
1,?,?,?
1,?,0.014,?
1,?,0.002,?
1,?,?,?
1,?,?,?
1,?,?,?
1,?,?,?
1,?,?,?
1,?,?,?
1,?,?,?
1,?,?,?
1,?,?,?
1,?,0.067,?
1,?,?,?
1,?,?,?
1,?,?,?
1,?,?,?
1,?,?,?
1,?,?,?
1,?,?,?
1,?,?,?
1,?,?,?
1,?,?,?
1,?,?,?
1,?,?,?
1,?,?,?
1,?,?,?
1,?,?,?
1,?,?,?
1,?,?,?
1,?,?,?
1,?,?,?
1,?,?,?
1,?,?,?
1,?,?,?
1,?,?,?
1,?,?,?
1,?,?,?
1,?,?,?
1,?,?,?
1,?,?,?
1,?,?,?
1,?,?,?
1,?,?,?
1,?,?,?
1,?,?,?
1,?,?,?
1,?,?,?
1,?,0.067,?
1,?,0.063,?
1,?,?,?
1,?,?,?
1,?,?,?
1,?,?,?
1,?,?,?
1,?,?,?
1,?,?,?
1,?,?,?
1,?,?,?
1,?,?,?
1,?,?,?
1,?,0.059,?
1,?,?,?
1,?,?,?
1,?,?,?
1,?,?,?
1,?,?,?
1,?,?,?
1,?,?,?
1,?,?,?
1,?,?,?
1,?,?,?
1,?,?,?
1,?,?,?
1,?,?,?
1,?,?,?
1,?,?,?
1,?,?,?
1,?,?,?
1,?,?,?
1,?,?,?
1,?,?,?
1,?,?,?
1,?,?,?
1,?,?,?
1,?,?,?
1,?,?,?
1,?,?,?
1,?,?,?
1,?,?,?
1,?,?,?
1,?,?,?
1,?,?,?
1,?,?,?
1,?,?,?
1,?,?,?
1,?,?,?
1,?,?,?
1,?,?,?
1,?,?,?
1,?,?,?
1,?,?,?
1,?,?,?
1,?,?,?
1,?,?,?
1,?,?,?
1,?,?,?
1,?,?,?
1,?,?,?
1,?,0.013,?
1,?,?,?
1,?,?,?
1,?,?,?
1,?,?,?
1,?,?,?
1,?,?,?
1,?,0.006,?
1,?,?,?
1,?,?,?
1,?,?,?
1,?,?,?
1,?,?,?
1,?,?,?
1,?,0.071,?
1,?,?,?
1,?,?,?
1,?,?,?
1,?,?,?
1,?,?,?
1,?,0.024,?
1,?,?,?
1,?,?,?
1,?,?,?
1,?,0.007,?
1,?,?,?
1,?,?,?
1,?,?,?
1,?,?,?
1,?,?,?
1,?,0.007,?
1,?,?,?
1,?,?,?
1,?,0.071,?
1,?,?,?
1,?,0.002,?
1,?,?,?
1,?,?,?
1,?,?,?
1,?,?,?
1,?,?,?
1,?,?,?
1,?,?,?
1,?,0.111,?
1,?,?,?
1,?,?,?
1,?,?,?
1,?,?,?
1,?,?,?
1,?,?,?
1,?,?,?
1,?,?,?
1,?,0.029,?
1,?,?,?
1,?,?,?
1,?,?,?
1,?,?,?
1,?,?,?
1,?,0.007,?
1,?,?,?
1,?,?,?
1,?,0.007,?
1,?,?,?
1,?,0.009,?
1,?,?,?
1,?,?,?
1,?,?,?
1,?,?,?
1,?,?,?
1,?,?,?
1,?,?,?
1,?,?,?
1,?,?,?
1,?,?,?
1,?,?,?
1,?,0.067,?
1,?,?,?
1,?,?,?
1,?,?,?
1,?,?,?
1,?,?,?
1,?,?,?
1,?,?,?
1,?,?,?
1,?,?,?
1,?,?,?
1,?,?,?
1,?,?,?
1,?,?,?
1,?,?,?
1,?,?,?
1,?,?,?
1,?,?,?
1,?,?,?
1,?,0.01,?
1,?,?,?
1,?,?,?
1,?,?,?
1,?,0.007,?
1,?,?,?
1,?,0.167,?
1,?,?,?
1,?,?,?
1,?,?,?
1,?,?,?
1,?,?,?
1,?,?,?
1,?,?,?
1,?,?,?
1,?,?,?
1,?,?,?
1,?,?,?
1,?,0.002,?
1,?,?,?
1,?,0.006,?
1,?,?,?
1,?,?,?
1,?,0.002,?
1,?,?,?
1,?,?,?
1,?,?,?
1,?,0.02,?
1,?,?,?
1,?,?,?
1,?,?,?
1,?,?,?
1,?,?,?
1,?,?,?
1,?,?,?
1,?,?,?
1,?,?,?
1,?,?,?
1,?,?,?
1,?,?,?
1,?,0.006,?
1,?,?,?
1,?,0.026,?
1,?,?,?
1,?,?,?
1,?,?,?
1,?,?,?
1,?,?,?
1,?,?,?
1,?,?,?
1,?,?,?
1,?,?,?
1,?,?,?
1,?,?,?
1,?,?,?
1,?,?,?
1,?,0.102,?
1,?,?,?
1,?,?,?
1,?,?,?
1,?,?,?
1,?,?,?
1,?,?,?
1,?,?,?
1,?,0.143,?
1,?,?,?
1,?,?,?
1,?,?,?
1,?,?,?
1,?,?,?
1,?,?,?
1,?,0.032,?
1,?,?,?
1,?,?,?
1,?,?,?
1,?,?,?
1,?,?,?
1,?,?,?
1,?,?,?
1,?,0.065,?
1,?,?,?
1,?,?,?
1,?,?,?
1,?,?,?
1,?,?,?
1,?,?,?
1,?,?,?
1,?,?,?
1,?,?,?
1,?,0.071,?
1,?,?,?
1,?,?,?
1,?,?,?
1,?,?,?
1,?,?,?
1,?,?,?
1,?,?,?
1,?,?,?
1,?,?,?
1,?,?,?
1,?,?,?
1,?,?,?
1,?,?,?
1,?,?,?
1,?,?,?
1,?,?,?
1,?,0.077,?
1,?,?,?
1,?,?,?
1,?,?,?
1,?,?,?
1,?,?,?
1,?,?,?
1,?,?,?
1,?,?,?
1,?,?,?
1,?,?,?
1,?,?,?
1,?,?,?
1,?,?,?
1,?,0.071,?
1,?,?,?
1,?,?,?
1,?,?,?
1,?,?,?
1,?,?,?
1,?,?,?
1,?,?,?
1,?,?,?
1,?,?,?
1,?,?,?
1,?,?,?
1,?,?,?
1,?,?,?
1,?,?,?
1,?,?,?
1,?,?,?
1,?,?,?
1,?,?,?
1,?,?,?
1,?,?,?
1,?,?,?
1,?,?,?
1,?,?,?
1,?,?,?
1,?,0.25,?
1,?,?,?
1,?,?,?
1,?,?,?
1,?,?,?
1,?,?,?
1,?,?,?
1,?,?,?
1,?,?,?
1,?,?,?
1,?,?,?
1,?,?,?
1,?,?,?
1,?,?,?
1,?,?,?
1,?,?,?
1,?,?,?
1,?,?,?
1,?,?,?
1,?,?,?
1,?,?,?
1,?,?,?
1,?,?,?
1,?,?,?
1,?,?,?
1,?,?,?
1,?,0.005,?
1,?,?,?
1,?,?,?
1,?,0.1,?
1,?,?,?
1,?,?,?
1,?,?,?
1,?,?,?
1,?,?,?
1,?,?,?
1,?,?,?
1,?,?,?
1,?,?,?
1,?,?,?
1,?,?,?
1,?,0.028,?
1,?,?,?
1,?,?,?
1,?,?,?
1,?,?,?
1,?,0.071,?
1,?,?,?
1,?,?,?
1,?,?,?
1,?,?,?
1,?,?,?
1,?,?,?
1,?,?,?
1,?,?,?
1,?,?,?
1,?,?,?
1,?,?,?
1,?,?,?
1,?,?,?
1,?,?,?
1,?,?,?
1,?,?,?
1,?,?,?
1,?,?,?
1,?,?,?
1,?,0.02,?
1,?,?,?
1,?,?,?
1,?,?,?
1,?,?,?
1,?,?,?
1,?,?,?
1,?,?,?
1,?,?,?
1,?,?,?
1,?,?,?
1,?,?,?
1,?,0.438,?
1,?,?,?
1,?,?,?
1,?,?,?
1,?,?,?
1,?,?,?
1,?,?,?
1,?,?,?
1,?,?,?
1,?,?,?
1,?,?,?
1,?,?,?
1,?,0.049,?
1,?,?,?
1,?,?,?
1,?,?,?
1,?,?,?
1,?,?,?
1,?,?,?
1,?,?,?
1,?,?,?
1,?,?,?
1,?,?,?
1,?,?,?
1,?,?,?
1,?,?,?
1,?,0.071,?
1,?,?,?
1,?,?,?
1,?,?,?
1,?,?,?
1,?,?,?
1,?,?,?
1,?,?,?
1,?,?,?
1,?,?,?
1,?,?,?
1,?,?,?
1,?,?,?
1,?,?,?
1,?,?,?
1,?,0.007,?
1,?,?,?
1,?,?,?
1,?,?,?
1,?,?,?
1,?,?,?
1,?,?,?
1,?,?,?
1,?,?,?
1,?,?,?
1,?,?,?
1,?,?,?
1,?,?,?
1,?,?,?
1,?,?,?
1,?,?,?
1,?,?,?
1,?,?,?
1,?,?,?
1,?,?,?
1,?,?,?
1,?,?,?
1,?,?,?
1,?,?,?
1,?,?,?
1,?,?,?
1,?,?,?
1,?,?,?
1,?,?,?
1,?,?,?
1,?,?,?
1,?,0.048,?
1,?,?,?
1,?,?,?
1,?,?,?
1,?,?,?
1,?,?,?
1,?,?,?
1,?,?,?
1,?,?,?
1,?,?,?
1,?,?,?
1,?,?,?
1,?,?,?
1,?,?,?
1,?,?,?
1,?,?,?
1,?,?,?
1,?,0.02,?
1,?,0.02,?
1,?,?,?
1,?,?,?
1,?,?,?
1,?,?,?
1,?,0.036,?
1,?,?,?
1,?,?,?
1,?,?,?
1,?,?,?
1,?,?,?
1,?,?,?
1,?,?,?
1,?,?,?
1,?,?,?
1,?,?,?
1,?,?,?
1,?,?,?
1,?,?,?
1,?,?,?
1,?,?,?
1,?,?,?
1,?,?,?
1,?,?,?
1,?,?,?
1,?,?,?
1,?,0.167,?
1,?,?,?
1,?,?,?
1,?,?,?
1,?,0.002,?
1,?,?,?
1,?,?,?
1,?,?,?
1,?,?,?
1,?,0.024,?
1,?,?,?
1,?,?,?
1,?,?,?
1,?,?,?
1,?,?,?
1,?,?,?
1,?,?,?
1,?,?,?
1,?,?,?
1,?,?,?
1,?,?,?
1,?,?,?
1,?,?,?
1,?,?,?
1,?,?,?
1,?,?,?
1,?,?,?
1,?,?,?
1,?,?,?
1,?,0.036,?
1,?,?,?
1,?,?,?
1,?,?,?
1,?,?,?
1,?,0.077,?
1,?,?,?
1,?,?,?
1,?,?,?
1,?,?,?
1,?,?,?
1,?,?,?
1,?,0.04,?
1,?,?,?
1,?,?,?
1,?,?,?
1,?,?,?
1,?,?,?
1,?,0.01,?
1,?,0.049,?
1,?,?,?
1,?,?,?
1,?,?,?
1,?,?,?
1,?,?,?
1,?,?,?
1,?,?,?
1,?,?,?
1,?,?,?
1,?,0.05,?
1,?,?,?
1,?,?,?
1,?,?,?
1,?,?,?
1,?,?,?
1,?,?,?
1,?,0.111,?
1,?,?,?
1,?,?,?
1,?,?,?
1,?,?,?
1,?,?,?
1,?,0.071,?
1,?,?,?
1,?,?,?
1,?,?,?
1,?,0.002,?
1,?,?,?
1,?,1,?
1,?,0.005,?
1,?,?,?
1,?,?,?
1,?,?,?
1,?,?,?
1,?,?,?
1,?,?,?
1,?,?,?
1,?,?,?
1,?,?,?
1,?,?,?
1,?,?,?
1,?,?,?
1,?,?,?
1,?,?,?
1,?,0.04,?
1,?,?,?
1,?,?,?
1,?,?,?
1,?,?,?
1,?,?,?
1,?,?,?
1,?,?,?
1,?,0.005,?
1,?,0.007,?
1,?,?,?
1,?,?,?
1,?,?,?
1,?,?,?
1,?,?,?
1,?,?,?
1,?,?,?
1,?,?,?
1,?,?,?
1,?,?,?
1,?,0.071,?
1,?,?,?
1,?,?,?
1,?,?,?
1,?,?,?
1,?,?,?
1,?,?,?
1,?,?,?
1,?,?,?
1,?,?,?
1,?,0.02,?
1,?,?,?
1,?,?,?
1,?,?,?
1,?,?,?
1,?,?,?
1,?,?,?
1,?,0.009,?
1,?,?,?
1,?,?,?
1,?,?,?
1,?,?,?
1,?,?,?
1,?,?,?
1,?,?,?
1,?,?,?
1,?,?,?
1,?,?,?
1,?,?,?
1,?,?,?
1,?,?,?
1,?,?,?
1,?,?,?
1,?,?,?
1,?,?,?
1,?,?,?
1,?,?,?
1,?,?,?
1,?,?,?
1,?,?,?
1,?,?,?
1,?,?,?
1,?,?,?
1,?,?,?
1,?,?,?
1,?,?,?
1,?,?,?
1,?,?,?
1,?,?,?
1,?,0.045,?
1,?,?,?
1,?,?,?
1,?,?,?
1,?,?,?
1,?,?,?
1,?,?,?
1,?,?,?
1,?,?,?
1,?,?,?
1,?,?,?
1,?,0.111,?
1,?,0.071,?
1,?,?,?
1,?,?,?
1,?,?,?
1,?,?,?
1,?,?,?
1,?,?,?
1,?,?,?
1,?,?,?
1,?,?,?
1,?,?,?
1,?,?,?
1,?,?,?
1,?,?,?
1,?,?,?
1,?,?,?
1,?,?,?
1,?,?,?
1,?,?,?
1,?,0.029,?
1,?,0.125,?
1,?,?,?
1,?,?,?
1,?,?,?
1,?,?,?
1,?,0.04,?
1,?,?,?
1,?,?,?
1,?,0.071,?
1,?,?,?
1,?,?,?
1,?,?,?
1,?,?,?
1,?,0.022,?
1,?,?,?
1,?,?,?
1,?,?,?
1,?,?,?
1,?,?,?
1,?,?,?
1,?,?,?
1,?,?,?
1,?,?,?
1,?,?,?
1,?,?,?
1,?,?,?
1,?,?,?
1,?,?,?
1,?,?,?
1,?,?,?
1,?,?,?
1,?,?,?
1,?,?,?
1,?,?,?
1,?,?,?
1,?,?,?
1,?,?,?
1,?,?,?
1,?,?,?
1,?,0.091,?
1,?,?,?
1,?,?,?
1,?,?,?
1,?,?,?
1,?,?,?
1,?,?,?
1,?,?,?
1,?,0.056,?
1,?,?,?
1,?,?,?
1,?,?,?
1,?,?,?
1,?,?,?
1,?,?,?
1,?,?,?
1,?,?,?
1,?,?,?
1,?,?,?
1,?,?,?
1,?,?,?
1,?,?,?
1,?,?,?
1,?,?,?
1,?,?,?
1,?,?,?
1,?,?,?
1,?,?,?
1,?,?,?
1,?,?,?
1,?,?,?
1,?,?,?
1,?,?,?
1,?,?,?
1,?,?,?
1,?,?,?
1,?,?,?
1,?,?,?
1,?,?,?
1,?,0.004,?
1,?,?,?
1,?,?,?
1,?,0.008,?
1,?,?,?
1,?,?,?
1,?,?,?
1,?,?,?
1,?,0.028,?
1,?,?,?
1,?,?,?
1,?,?,?
1,?,?,?
1,?,?,?
1,?,?,?
1,?,?,?
1,?,?,?
1,?,?,?
1,?,?,?
1,?,0.071,?
1,?,?,?
1,?,?,?
1,?,?,?
1,?,?,?
1,?,?,?
1,?,?,?
1,?,?,?
1,?,0.029,?
1,?,?,?
1,?,?,?
1,?,?,?
1,?,?,?
1,?,?,?
1,?,?,?
1,?,?,?
1,?,?,?
1,?,0.007,?
1,?,?,?
1,?,?,?
1,?,?,?
1,?,?,?
1,?,?,?
1,?,?,?
1,?,?,?
1,?,?,?
1,?,0.053,?
1,?,?,?
1,?,?,?
1,?,?,?
1,?,?,?
1,?,?,?
1,?,?,?
1,?,?,?
1,?,?,?
1,?,?,?
1,?,?,?
1,?,?,?
1,?,?,?
1,?,0.198,?
1,?,?,?
1,?,?,?
1,?,0.084,?
1,?,?,?
1,?,?,?
1,?,?,?
1,?,?,?
1,?,?,?
1,?,?,?
1,?,?,?
1,?,?,?
1,?,?,?
1,?,?,?
1,?,?,?
1,?,?,?
1,?,?,?
1,?,?,?
1,?,?,?
1,?,?,?
1,?,?,?
1,?,?,?
1,?,?,?
1,?,?,?
1,?,?,?
1,?,?,?
1,?,0.067,?
1,?,?,?
1,?,?,?
1,?,?,?
1,?,?,?
1,?,?,?
1,?,?,?
1,?,?,?
1,?,?,?
1,?,?,?
1,?,?,?
1,?,?,?
1,?,0.004,?
1,?,?,?
1,?,?,?
1,?,?,?
1,?,?,?
1,?,?,?
1,?,?,?
1,?,?,?
1,?,?,?
1,?,?,?
1,?,?,?
1,?,0.056,?
1,?,?,?
1,?,?,?
1,?,0.002,?
1,?,?,?
1,?,?,?
1,?,?,?
1,?,?,?
1,?,?,?
1,?,?,?
1,?,?,?
1,?,?,?
1,?,?,?
1,?,?,?
1,?,?,?
1,?,?,?
1,?,?,?
1,?,?,?
1,?,0.004,?
1,?,?,?
1,?,?,?
1,?,?,?
1,?,0.059,?
1,?,?,?
1,?,?,?
1,?,?,?
1,?,?,?
1,?,?,?
1,?,?,?
1,?,?,?
1,?,?,?
1,?,?,?
1,?,?,?
1,?,?,?
1,?,?,?
1,?,?,?
1,?,?,?
1,?,?,?
1,?,?,?
1,?,?,?
1,?,?,?
1,?,?,?
1,?,?,?
1,?,?,?
1,?,?,?
1,?,?,?
1,?,?,?
1,?,?,?
1,?,?,?
1,?,?,?
1,?,?,?
1,?,?,?
1,?,?,?
1,?,?,?
1,?,?,?
1,?,?,?
1,?,?,?
1,?,?,?
1,?,?,?
1,?,0.002,?
1,?,?,?
1,?,0.019,?
1,?,?,?
1,?,?,?
1,?,?,?
1,?,?,?
1,?,?,?
1,?,?,?
1,?,?,?
1,?,?,?
1,?,?,?
1,?,?,?
1,?,?,?
1,?,?,?
1,?,?,?
1,?,?,?
1,?,?,?
1,?,?,?
1,?,?,?
1,?,?,?
1,?,?,?
1,?,?,?
1,?,?,?
1,?,?,?
1,?,?,?
1,?,?,?
1,?,?,?
1,?,?,?
1,?,?,?
1,?,?,?
1,?,?,?
1,?,?,?
1,?,?,?
1,?,?,?
1,?,0.005,?
1,?,?,?
1,?,?,?
1,?,?,?
1,?,?,?
1,?,?,?
1,?,?,?
1,?,?,?
1,?,?,?
1,?,?,?
1,?,?,?
1,?,?,?
1,?,0.014,?
1,?,?,?
1,?,?,?
1,?,?,?
1,?,?,?
1,?,?,?
1,?,?,?
1,?,?,?
1,?,?,?
1,?,?,?
1,?,?,?
1,?,?,?
1,?,?,?
1,?,?,?
1,?,?,?
1,?,?,?
1,?,0.143,?
1,?,?,?
1,?,?,?
1,?,?,?
1,?,?,?
1,?,?,?
1,?,?,?
1,?,?,?
1,?,?,?
1,?,?,?
1,?,?,?
1,?,0.023,?
1,?,?,?
1,?,?,?
1,?,0.01,?
1,?,?,?
1,?,?,?
1,?,?,?
1,?,?,?
1,?,?,?
1,?,0.068,?
1,?,?,?
1,?,0.007,?
1,?,?,?
1,?,?,?
1,?,?,?
1,?,0.067,?
1,?,?,?
1,?,?,?
1,?,?,?
1,?,?,?
1,?,?,?
1,?,?,?
1,?,?,?
1,?,?,?
1,?,?,?
1,?,?,?
1,?,?,?
1,?,0.016,?
1,?,?,?
1,?,?,?
1,?,0.005,?
1,?,?,?
1,?,0.007,?
1,?,0.006,?
1,?,?,?
1,?,?,?
1,?,0.052,?
1,?,?,?
1,?,?,?
1,?,?,?
1,?,?,?
1,?,?,?
1,?,?,?
1,?,?,?
1,?,?,?
1,?,?,?
1,?,?,?
1,?,?,?
1,?,?,?
1,?,?,?
1,?,?,?
1,?,?,?
1,?,?,?
1,?,?,?
1,?,?,?
1,?,?,?
1,?,?,?
1,?,?,?
1,?,?,?
1,?,?,?
1,?,?,?
1,?,?,?
1,?,?,?
1,?,?,?
1,?,?,?
1,?,?,?
1,?,?,?
1,?,?,?
1,?,?,?
1,?,?,?
1,?,?,?
1,?,?,?
1,?,?,?
1,?,?,?
1,?,?,?
1,?,?,?
1,?,?,?
1,?,?,?
1,?,?,?
1,?,?,?
1,?,?,?
1,?,?,?
1,?,?,?
1,?,0.002,?
1,?,?,?
1,?,?,?
1,?,?,?
1,?,?,?
1,?,?,?
1,?,?,?
1,?,?,?
1,?,?,?
1,?,?,?
1,?,?,?
1,?,?,?
1,?,?,?
1,?,0.006,?
1,?,0.006,?
1,?,?,?
1,?,?,?
1,?,?,?
1,?,?,?
1,?,?,?
1,?,0.071,?
1,?,?,?
1,?,?,?
1,?,?,?
1,?,?,?
1,?,0.012,?
1,?,?,?
1,?,?,?
1,?,?,?
1,?,?,?
1,?,?,?
1,?,?,?
1,?,?,?
1,?,?,?
1,?,?,?
1,?,?,?
1,?,?,?
1,?,?,?
1,?,?,?
1,?,?,?
1,?,?,?
1,?,?,?
1,?,?,?
1,?,?,?
1,?,?,?
1,?,?,?
1,?,?,?
1,?,0.059,?
1,?,?,?
1,?,?,?
1,?,?,?
1,?,0.01,?
1,?,?,?
1,?,?,?
1,?,?,?
1,?,0.002,?
1,?,?,?
1,?,?,?
1,?,?,?
1,?,?,?
1,?,0.014,?
1,?,?,?
1,?,?,?
1,?,?,?
1,?,?,?
1,?,?,?
1,?,0.029,?
1,?,?,?
1,?,?,?
1,?,?,?
1,?,?,?
1,?,?,?
1,?,?,?
1,?,?,?
1,?,?,?
1,?,?,?
1,?,?,?
1,?,?,?
1,?,?,?
1,?,?,?
1,?,?,?
1,?,?,?
1,?,?,?
1,?,?,?
1,?,?,?
1,?,?,?
1,?,?,?
1,?,?,?
1,?,?,?
1,?,?,?
1,?,?,?
1,?,?,?
1,?,?,?
1,?,0.006,?
1,?,?,?
1,?,?,?
1,?,?,?
1,?,?,?
1,?,?,?
1,?,?,?
1,?,?,?
1,?,?,?
1,?,?,?
1,?,?,?
1,?,?,?
1,?,?,?
1,?,?,?
1,?,?,?
1,?,?,?
1,?,?,?
1,?,0.063,?
1,?,?,?
1,?,?,?
1,?,?,?
1,?,?,?
1,?,0.007,?
1,?,?,?
1,?,?,?
1,?,?,?
1,?,?,?
1,?,?,?
1,?,?,?
1,?,?,?
1,?,?,?
1,?,?,?
1,?,?,?
1,?,?,?
1,?,?,?
1,?,?,?
1,?,?,?
1,?,?,?
1,?,?,?
1,?,?,?
1,?,0.006,?
1,?,?,?
1,?,?,?
1,?,0.048,?
1,?,?,?
1,?,0.024,?
1,?,?,?
1,?,?,?
1,?,?,?
1,?,?,?
1,?,?,?
1,?,?,?
1,?,?,?
1,?,?,?
1,?,?,?
1,?,?,?
1,?,?,?
1,?,?,?
1,?,?,?
1,?,?,?
1,?,?,?
1,?,?,?
1,?,0.125,?
1,?,?,?
1,?,?,?
1,?,0.025,?
1,?,?,?
1,?,?,?
1,?,?,?
1,?,?,?
1,?,0.5,?
1,?,?,?
1,?,?,?
1,?,?,?
1,?,?,?
1,?,?,?
1,?,?,?
1,?,?,?
1,?,?,?
1,?,?,?
1,?,?,?
1,?,?,?
1,?,?,?
1,?,?,?
1,?,?,?
1,?,?,?
1,?,?,?
1,?,?,?
1,?,?,?
1,?,?,?
1,?,?,?
1,?,?,?
1,?,?,?
1,?,?,?
1,?,?,?
1,?,?,?
1,?,?,?
1,?,?,?
1,?,?,?
1,?,?,?
1,?,?,?
1,?,?,?
1,?,0.059,?
1,?,?,?
1,?,?,?
1,?,?,?
1,?,?,?
1,?,?,?
1,?,?,?
1,?,?,?
1,?,?,?
1,?,?,?
1,?,?,?
1,?,?,?
1,?,?,?
1,?,?,?
1,?,?,?
1,?,?,?
1,?,?,?
1,?,?,?
1,?,0.067,?
1,?,?,?
1,?,?,?
1,?,?,?
1,?,?,?
1,?,?,?
1,?,?,?
1,?,?,?
1,?,?,?
1,?,?,?
1,?,?,?
1,?,0.006,?
1,?,?,?
1,?,?,?
1,?,?,?
1,?,?,?
1,?,?,?
1,?,?,?
1,?,?,?
1,?,?,?
1,?,?,?
1,?,?,?
1,?,?,?
1,?,0.111,?
1,?,?,?
1,?,?,?
1,?,?,?
1,?,?,?
1,?,?,?
1,?,?,?
1,?,?,?
1,?,?,?
1,?,0.083,?
1,?,?,?
1,?,?,?
1,?,0.063,?
1,?,?,?
1,?,?,?
1,?,?,?
1,?,?,?
1,?,?,?
1,?,?,?
1,?,?,?
1,?,?,?
1,?,?,?
1,?,?,?
1,?,?,?
1,?,?,?
1,?,0.005,?
1,?,0.006,?
1,?,?,?
1,?,?,?
1,?,?,?
1,?,?,?
1,?,?,?
1,?,?,?
1,?,?,?
1,?,?,?
1,?,?,?
1,?,?,?
1,?,?,?
1,?,?,?
1,?,?,?
1,?,?,?
1,?,0.2,?
1,?,?,?
1,?,?,?
1,?,?,?
1,?,?,?
1,?,?,?
1,?,?,?
1,?,?,?
1,?,?,?
1,?,?,?
1,?,?,?
1,?,?,?
1,?,?,?
1,?,?,?
1,?,?,?
1,?,?,?
1,?,?,?
1,?,?,?
1,?,?,?
1,?,?,?
1,?,?,?
1,?,?,?
1,?,?,?
1,?,?,?
1,?,0.013,?
1,?,?,?
1,?,?,?
1,?,?,?
1,?,?,?
1,?,?,?
1,?,?,?
1,?,?,?
1,?,?,?
1,?,?,?
1,?,?,?
1,?,?,?
1,?,?,?
1,?,0.099,?
1,?,?,?
1,?,?,?
1,?,?,?
1,?,?,?
1,?,0.071,?
1,?,?,?
1,?,?,?
1,?,?,?
1,?,?,?
1,?,?,?
1,?,?,?
1,?,?,?
1,?,?,?
1,?,?,?
1,?,?,?
1,?,?,?
1,?,?,?
1,?,?,?
1,?,?,?
1,?,?,?
1,?,?,?
1,?,?,?
1,?,?,?
1,?,?,?
1,?,?,?
1,?,?,?
1,?,?,?
1,?,?,?
1,?,?,?
1,?,?,?
1,?,?,?
1,?,?,?
1,?,?,?
1,?,?,?
1,?,?,?
1,?,?,?
1,?,?,?
1,?,?,?
1,?,?,?
1,?,?,?
1,?,?,?
1,?,?,?
1,?,?,?
1,?,?,?
1,?,?,?
1,?,?,?
1,?,?,?
1,?,?,?
1,?,?,?
1,?,?,?
1,?,?,?
1,?,?,?
1,?,?,?
1,?,?,?
1,?,?,?
1,?,?,?
1,?,?,?
1,?,?,?
1,?,?,?
1,?,?,?
1,?,?,?
1,?,?,?
1,?,?,?
1,?,?,?
1,?,?,?
1,?,0.036,?
1,?,?,?
1,?,?,?
1,?,?,?
1,?,?,?
1,?,?,?
1,?,?,?
1,?,?,?
1,?,?,?
1,?,?,?
1,?,?,?
1,?,?,?
1,?,?,?
1,?,?,?
1,?,?,?
1,?,?,?
1,?,?,?
1,?,?,?
1,?,?,?
1,?,?,?
1,?,?,?
1,?,?,?
1,?,?,?
1,?,0.015,?
1,?,?,?
1,?,?,?
1,?,?,?
1,?,0.5,?
1,?,?,?
1,?,?,?
1,?,?,?
1,?,?,?
1,?,?,?
1,?,?,?
1,?,?,?
1,?,?,?
1,?,?,?
1,?,?,?
1,?,?,?
1,?,?,?
1,?,0.029,?
1,?,0.2,?
1,?,?,?
1,?,?,?
1,?,?,?
1,?,?,?
1,?,?,?
1,?,?,?
1,?,0.02,?
1,?,?,?
1,?,?,?
1,?,?,?
1,?,?,?
1,?,?,?
1,?,?,?
1,?,?,?
1,?,0.143,?
1,?,?,?
1,?,?,?
1,?,0.071,?
1,?,?,?
1,?,?,?
1,?,?,?
1,?,?,?
1,?,0.02,?
1,?,?,?
1,?,?,?
1,?,?,?
1,?,?,?
1,?,?,?
1,?,?,?
1,?,?,?
1,?,0.167,?
1,?,?,?
1,?,0.007,?
1,?,?,?
1,?,?,?
1,?,?,?
1,?,?,?
1,?,?,?
1,?,?,?
1,?,?,?
1,?,?,?
1,?,0.089,?
1,?,?,?
1,?,?,?
1,?,?,?
1,?,?,?
1,?,?,?
1,?,?,?
1,?,?,?
1,?,?,?
1,?,0.077,?
1,?,?,?
1,?,?,?
1,?,?,?
1,?,?,?
1,?,?,?
1,?,?,?
1,?,?,?
1,?,?,?
1,?,?,?
1,?,?,?
1,?,?,?
1,?,?,?
1,?,?,?
1,?,0.067,?
1,?,0.052,?
1,?,?,?
1,?,?,?
1,?,?,?
1,?,?,?
1,?,?,?
1,?,?,?
1,?,?,?
1,?,?,?
1,?,?,?
1,?,?,?
1,?,?,?
1,?,?,?
1,?,?,?
1,?,?,?
1,?,0.018,?
1,?,?,?
1,?,?,?
1,?,?,?
1,?,?,?
1,?,?,?
1,?,?,?
1,?,?,?
1,?,?,?
1,?,?,?
1,?,?,?
1,?,?,?
1,?,0.015,?
1,?,?,?
1,?,?,?
1,?,?,?
1,?,?,?
1,?,?,?
1,?,?,?
1,?,?,?
1,?,?,?
1,?,?,?
1,?,?,?
1,?,?,?
1,?,?,?
1,?,?,?
1,?,?,?
1,?,?,?
1,?,?,?
1,?,?,?
1,?,?,?
1,?,?,?
1,?,?,?
1,?,?,?
1,?,0.077,?
1,?,?,?
1,?,?,?
1,?,?,?
1,?,?,?
1,?,?,?
1,?,?,?
1,?,?,?
1,?,?,?
1,?,?,?
1,?,?,?
1,?,?,?
1,?,?,?
1,?,?,?
1,?,?,?
1,?,0.02,?
1,?,?,?
1,?,?,?
1,?,?,?
1,?,?,?
1,?,?,?
1,?,?,?
1,?,?,?
1,?,?,?
1,?,?,?
1,?,?,?
1,?,?,?
1,?,?,?
1,?,?,?
1,?,?,?
1,?,?,?
1,?,?,?
1,?,?,?
1,?,?,?
1,?,?,?
1,?,?,?
1,?,?,?
1,?,?,?
1,?,?,?
1,?,?,?
1,?,?,?
1,?,?,?
1,?,?,?
1,?,0.098,?
1,?,?,?
1,?,?,?
1,?,?,?
1,?,?,?
1,?,?,?
1,?,?,?
1,?,?,?
1,?,?,?
1,?,?,?
1,?,?,?
1,?,?,?
1,?,?,?
1,?,?,?
1,?,?,?
1,?,?,?
1,?,?,?
1,?,?,?
1,?,?,?
1,?,?,?
1,?,?,?
1,?,?,?
1,?,?,?
1,?,?,?
1,?,?,?
1,?,?,?
1,?,?,?
1,?,?,?
1,?,?,?
1,?,?,?
1,?,?,?
1,?,?,?
1,?,?,?
1,?,?,?
1,?,?,?
1,?,?,?
1,?,?,?
1,?,?,?
1,?,?,?
1,?,?,?
1,?,0.038,?
1,?,?,?
1,?,?,?
1,?,?,?
1,?,?,?
1,?,?,?
1,?,?,?
1,?,?,?
1,?,?,?
1,?,?,?
1,?,?,?
1,?,?,?
1,?,?,?
1,?,?,?
1,?,0.01,?
1,?,?,?
1,?,0.042,?
1,?,?,?
1,?,?,?
1,?,?,?
1,?,?,?
1,?,?,?
1,?,?,?
1,?,?,?
1,?,?,?
1,?,?,?
1,?,?,?
1,?,?,?
1,?,?,?
1,?,?,?
1,?,?,?
1,?,?,?
1,?,?,?
1,?,?,?
1,?,?,?
1,?,?,?
1,?,?,?
1,?,?,?
1,?,?,?
1,?,?,?
1,?,?,?
1,?,?,?
1,?,?,?
1,?,?,?
1,?,?,?
1,?,?,?
1,?,0.006,?
1,?,?,?
1,?,?,?
1,?,?,?
1,?,0.067,?
1,?,?,?
1,?,?,?
1,?,?,?
1,?,?,?
1,?,?,?
1,?,?,?
1,?,?,?
1,?,?,?
1,?,?,?
1,?,?,?
1,?,?,?
1,?,?,?
1,?,?,?
1,?,?,?
1,?,?,?
1,?,?,?
1,?,?,?
1,?,?,?
1,?,?,?
1,?,?,?
1,?,?,?
1,?,?,?
1,?,?,?
1,?,?,?
1,?,?,?
1,?,?,?
1,?,0.012,?
1,?,0.014,?
1,?,?,?
1,?,?,?
1,?,?,?
1,?,?,?
1,?,?,?
1,?,?,?
1,?,?,?
1,?,?,?
1,?,?,?
1,?,?,?
1,?,?,?
1,?,?,?
1,?,?,?
1,?,?,?
1,?,?,?
1,?,?,?
1,?,0.01,?
1,?,?,?
1,?,?,?
1,?,?,?
1,?,?,?
1,?,?,?
1,?,?,?
1,?,?,?
1,?,?,?
1,?,?,?
1,?,?,?
1,?,?,?
1,?,?,?
1,?,?,?
1,?,?,?
1,?,?,?
1,?,?,?
1,?,0.048,?
1,?,?,?
1,?,?,?
1,?,?,?
1,?,?,?
1,?,?,?
1,?,?,?
1,?,?,?
1,?,?,?
1,?,?,?
1,?,?,?
1,?,?,?
1,?,0.5,?
1,?,0.091,?
1,?,?,?
1,?,?,?
1,?,?,?
1,?,?,?
1,?,?,?
1,?,?,?
1,?,?,?
1,?,?,?
1,?,?,?
1,?,?,?
1,?,0.206,?
1,?,?,?
1,?,?,?
1,?,?,?
1,?,?,?
1,?,?,?
1,?,?,?
1,?,0.042,?
1,?,0.333,?
1,?,?,?
1,?,?,?
1,?,?,?
1,?,?,?
1,?,?,?
1,?,?,?
1,?,?,?
1,?,?,?
1,?,?,?
1,?,0.5,?
1,?,?,?
1,?,?,?
1,?,?,?
1,?,?,?
1,?,?,?
1,?,?,?
1,?,0.006,?
1,?,?,?
1,?,?,?
1,?,?,?
1,?,?,?
1,?,?,?
1,?,?,?
1,?,?,?
1,?,?,?
1,?,?,?
1,?,0.002,?
1,?,?,?
1,?,?,?
1,?,?,?
1,?,?,?
1,?,?,?
1,?,?,?
1,?,?,?
1,?,?,?
1,?,?,?
1,?,0.5,?
1,?,?,?
1,?,?,?
1,?,?,?
1,?,?,?
1,?,?,?
1,?,?,?
1,?,?,?
1,?,?,?
1,?,?,?
1,?,?,?
1,?,?,?
1,?,0.03,?
1,?,?,?
1,?,?,?
1,?,?,?
1,?,?,?
1,?,?,?
1,?,?,?
1,?,?,?
1,?,?,?
1,?,?,?
1,?,?,?
1,?,?,?
1,?,?,?
1,?,?,?
1,?,?,?
1,?,?,?
1,?,?,?
1,?,?,?
1,?,?,?
1,?,?,?
1,?,?,?
1,?,?,?
1,?,?,?
1,?,?,?
1,?,?,?
1,?,?,?
1,?,?,?
1,?,?,?
1,?,?,?
1,?,?,?
1,?,?,?
1,?,?,?
1,?,?,?
1,?,?,?
1,?,?,?
1,?,?,?
1,?,?,?
1,?,?,?
1,?,?,?
1,?,0.333,?
1,?,?,?
1,?,?,?
1,?,?,?
1,?,?,?
1,?,?,?
1,?,?,?
1,?,?,?
1,?,?,?
1,?,?,?
1,?,?,?
1,?,?,?
1,?,?,?
1,?,?,?
1,?,0.022,?
1,?,?,?
1,?,?,?
1,?,?,?
1,?,?,?
1,?,?,?
1,?,?,?
1,?,?,?
1,?,?,?
1,?,?,?
1,?,?,?
1,?,?,?
1,?,?,?
1,?,?,?
1,?,?,?
1,?,?,?
1,?,?,?
1,?,?,?
1,?,?,?
1,?,?,?
1,?,?,?
1,?,0.006,?
1,?,?,?
1,?,?,?
1,?,?,?
1,?,?,?
1,?,?,?
1,?,?,?
1,?,?,?
1,?,?,?
1,?,?,?
1,?,?,?
1,?,?,?
1,?,?,?
1,?,?,?
1,?,?,?
1,?,?,?
1,?,?,?
1,?,?,?
1,?,0.016,?
1,?,?,?
1,?,?,?
1,?,?,?
1,?,?,?
1,?,?,?
1,?,?,?
1,?,?,?
1,?,?,?
1,?,?,?
1,?,?,?
1,?,?,?
1,?,?,?
1,?,?,?
1,?,?,?
1,?,?,?
1,?,?,?
1,?,?,?
1,?,?,?
1,?,?,?
1,?,?,?
1,?,?,?
1,?,?,?
1,?,?,?
1,?,?,?
1,?,?,?
1,?,0.005,?
1,?,?,?
1,?,?,?
1,?,?,?
1,?,?,?
1,?,?,?
1,?,?,?
1,?,?,?
1,?,?,?
1,?,?,?
1,?,?,?
1,?,?,?
1,?,?,?
1,?,0.225,?
1,?,0.006,?
1,?,?,?
1,?,?,?
1,?,?,?
1,?,?,?
1,?,?,?
1,?,?,?
1,?,?,?
1,?,?,?
1,?,?,?
1,?,?,?
1,?,?,?
1,?,?,?
1,?,?,?
1,?,?,?
1,?,?,?
1,?,?,?
1,?,?,?
1,?,?,?
1,?,?,?
1,?,0.003,?
1,?,?,?
1,?,?,?
1,?,?,?
1,?,?,?
1,?,?,?
1,?,?,?
1,?,?,?
1,?,?,?
1,?,?,?
1,?,?,?
1,?,?,?
1,?,?,?
1,?,?,?
1,?,?,?
1,?,?,?
1,?,0.018,?
1,?,?,?
1,?,?,?
1,?,?,?
1,?,0.333,?
1,?,?,?
1,?,?,?
1,?,?,?
1,?,?,?
1,?,?,?
1,?,?,?
1,?,?,?
1,?,?,?
1,?,?,?
1,?,?,?
1,?,?,?
1,?,?,?
1,?,?,?
1,?,?,?
1,?,?,?
1,?,?,?
1,?,?,?
1,?,0.077,?
1,?,?,?
1,?,?,?
1,?,?,?
1,?,?,?
1,?,?,?
1,?,?,?
1,?,?,?
1,?,?,?
1,?,?,?
1,?,?,?
1,?,?,?
1,?,?,?
1,?,?,?
1,?,?,?
1,?,?,?
1,?,?,?
1,?,?,?
1,?,?,?
1,?,?,?
1,?,?,?
1,?,?,?
1,?,?,?
1,?,?,?
1,?,?,?
1,?,?,?
1,?,?,?
1,?,?,?
1,?,?,?
1,?,?,?
1,?,?,?
1,?,?,?
1,?,?,?
1,?,?,?
1,?,?,?
1,?,?,?
1,?,?,?
1,?,?,?
1,?,?,?
1,?,?,?
1,?,?,?
1,?,?,?
1,?,?,?
1,?,?,?
1,?,?,?
1,?,0.05,?
1,?,?,?
1,?,?,?
1,?,?,?
1,?,?,?
1,?,?,?
1,?,?,?
1,?,0.067,?
1,?,?,?
1,?,?,?
1,?,?,?
1,?,?,?
1,?,?,?
1,?,?,?
1,?,?,?
1,?,?,?
1,?,?,?
1,?,?,?
1,?,?,?
1,?,?,?
1,?,?,?
1,?,?,?
1,?,?,?
1,?,?,?
1,?,?,?
1,?,?,?
1,?,?,?
1,?,0.053,?
1,?,?,?
1,?,?,?
1,?,0.034,?
1,?,?,?
1,?,?,?
1,?,?,?
1,?,?,?
1,?,?,?
1,?,?,?
1,?,?,?
1,?,?,?
1,?,?,?
1,?,?,?
1,?,?,?
1,?,?,?
1,?,?,?
1,?,?,?
1,?,?,?
1,?,0.006,?
1,?,?,?
1,?,?,?
1,?,?,?
1,?,?,?
1,?,?,?
1,?,0.071,?
1,?,?,?
1,?,0.04,?
1,?,?,?
1,?,?,?
1,?,?,?
1,?,?,?
1,?,?,?
1,?,?,?
1,?,?,?
1,?,?,?
1,?,?,?
1,?,?,?
1,?,?,?
1,?,?,?
1,?,?,?
1,?,?,?
1,?,?,?
1,?,?,?
1,?,?,?
1,?,0.036,?
1,?,?,?
1,?,?,?
1,?,?,?
1,?,?,?
1,?,?,?
1,?,?,?
1,?,?,?
1,?,?,?
1,?,?,?
1,?,0.202,?
1,?,?,?
1,?,?,?
1,?,?,?
1,?,0.089,?
1,?,?,?
1,?,?,?
1,?,?,?
1,?,0.333,?
1,?,?,?
1,?,?,?
1,?,?,?
1,?,?,?
1,?,?,?
1,?,?,?
1,?,?,?
1,?,?,?
1,?,?,?
1,?,?,?
1,?,?,?
1,?,?,?
1,?,?,?
1,?,?,?
1,?,?,?
1,?,?,?
1,?,?,?
1,?,?,?
1,?,?,?
1,?,?,?
1,?,?,?
1,?,?,?
1,?,?,?
1,?,0.017,?
1,?,?,?
1,?,?,?
1,?,?,?
1,?,?,?
1,?,?,?
1,?,?,?
1,?,?,?
1,?,?,?
1,?,?,?
1,?,?,?
1,?,?,?
1,?,?,?
1,?,?,?
1,?,?,?
1,?,?,?
1,?,0.063,?
1,?,?,?
1,?,?,?
1,?,?,?
1,?,?,?
1,?,?,?
1,?,?,?
1,?,?,?
1,?,?,?
1,?,?,?
1,?,?,?
1,?,?,?
1,?,?,?
1,?,?,?
1,?,?,?
1,?,0.063,?
1,?,?,?
1,?,?,?
1,?,?,?
1,?,?,?
1,?,?,?
1,?,?,?
1,?,?,?
1,?,?,?
1,?,?,?
1,?,?,?
1,?,?,?
1,?,?,?
1,?,0.018,?
1,?,?,?
1,?,0.048,?
1,?,?,?
1,?,?,?
1,?,?,?
1,?,?,?
1,?,?,?
1,?,?,?
1,?,?,?
1,?,?,?
1,?,?,?
1,?,?,?
1,?,?,?
1,?,0.002,?
1,?,0.007,?
1,?,?,?
1,?,?,?
1,?,?,?
1,?,?,?
1,?,?,?
1,?,?,?
1,?,?,?
1,?,?,?
1,?,?,?
1,?,?,?
1,?,?,?
1,?,?,?
1,?,?,?
1,?,?,?
1,?,?,?
1,?,?,?
1,?,0.015,?
1,?,?,?
1,?,?,?
1,?,?,?
1,?,?,?
1,?,?,?
1,?,?,?
1,?,?,?
1,?,0.2,?
1,?,?,?
1,?,0.067,?
1,?,?,?
1,?,0.15,?
1,?,0.222,?
1,?,?,?
1,?,?,?
1,?,?,?
1,?,?,?
1,?,0.056,?
1,?,?,?
1,?,0.065,?
1,?,?,?
1,?,?,?
1,?,?,?
1,?,?,?
1,?,?,?
1,?,?,?
1,?,?,?
1,?,0.028,?
1,?,?,?
1,?,?,?
1,?,?,?
1,?,?,?
1,?,?,?
1,?,?,?
1,?,?,?
1,?,?,?
1,?,?,?
1,?,?,?
1,?,?,?
1,?,?,?
1,?,?,?
1,?,?,?
1,?,?,?
1,?,?,?
1,?,?,?
1,?,?,?
1,?,?,?
1,?,?,?
1,?,?,?
1,?,?,?
1,?,?,?
1,?,?,?
1,?,?,?
1,?,?,?
1,?,?,?
1,?,?,?
1,?,?,?
1,?,0.071,?
1,?,?,?
1,?,?,?
1,?,?,?
1,?,?,?
1,?,?,?
1,?,?,?
1,?,?,?
1,?,?,?
1,?,?,?
1,?,?,?
1,?,?,?
1,?,?,?
1,?,?,?
1,?,?,?
1,?,?,?
1,?,?,?
1,?,?,?
1,?,0.005,?
1,?,?,?
1,?,?,?
1,?,?,?
1,?,?,?
1,?,?,?
1,?,0.022,?
1,?,0.034,?
1,?,?,?
1,?,?,?
1,?,?,?
1,?,?,?
1,?,?,?
1,?,?,?
1,?,?,?
1,?,0.033,?
1,?,?,?
1,?,0.006,?
1,?,?,?
1,?,?,?
1,?,?,?
1,?,0.071,?
1,?,?,?
1,?,?,?
1,?,?,?
1,?,?,?
1,?,?,?
1,?,?,?
1,?,?,?
1,?,?,?
1,?,?,?
1,?,?,?
1,?,0.002,?
1,?,?,?
1,?,?,?
1,?,?,?
1,?,?,?
1,?,?,?
1,?,?,?
1,?,?,?
1,?,?,?
1,?,?,?
1,?,?,?
1,?,?,?
1,?,?,?
1,?,?,?
1,?,?,?
1,?,0.014,?
1,?,?,?
1,?,?,?
1,?,?,?
1,?,?,?
1,?,?,?
1,?,?,?
1,?,0.02,?
1,?,?,?
1,?,?,?
1,?,?,?
1,?,?,?
1,?,0.112,?
1,?,0.007,?
1,?,?,?
1,?,?,?
1,?,?,?
1,?,?,?
1,?,?,?
1,?,?,?
1,?,?,?
1,?,?,?
1,?,?,?
1,?,?,?
1,?,?,?
1,?,0.898,?
1,?,?,?
1,?,?,?
1,?,?,?
1,?,?,?
1,?,0.898,?
1,?,?,?
1,?,?,?
1,?,0.1,?
1,?,?,?
1,?,?,?
1,?,?,?
1,?,?,?
1,?,?,?
1,?,?,?
1,?,?,?
1,?,?,?
1,?,0.111,?
1,?,?,?
1,?,?,?
1,?,?,?
1,?,?,?
1,?,?,?
1,?,?,?
1,?,?,?
1,?,?,?
1,?,0.2,?
1,?,?,?
1,?,?,?
1,?,?,?
1,?,?,?
1,?,?,?
1,?,?,?
1,?,?,?
1,?,?,?
1,?,?,?
1,?,?,?
1,?,?,?
1,?,?,?
1,?,?,?
1,?,?,?
1,?,?,?
1,?,?,?
1,?,?,?
1,?,0.032,?
1,?,0.014,?
1,?,0.002,?
1,?,?,?
1,?,?,?
1,?,0.011,?
1,?,?,?
1,?,?,?
1,?,?,?
1,?,?,?
1,?,?,?
1,?,?,?
1,?,?,?
1,?,?,?
1,?,?,?
1,?,?,?
1,?,?,?
1,?,?,?
1,?,?,?
1,?,?,?
1,?,?,?
1,?,?,?
1,?,?,?
1,?,?,?
1,?,?,?
1,?,?,?
1,?,?,?
1,?,?,?
1,?,?,?
1,?,?,?
1,?,?,?
1,?,?,?
1,?,?,?
1,?,?,?
1,?,?,?
1,?,?,?
1,?,?,?
1,?,?,?
1,?,?,?
1,?,?,?
1,?,?,?
1,?,?,?
1,?,?,?
1,?,?,?
1,?,?,?
1,?,?,?
1,?,?,?
1,?,?,?
1,?,?,?
1,?,?,?
1,?,?,?
1,?,?,?
1,?,?,?
1,?,?,?
1,?,?,?
1,?,?,?
1,?,?,?
1,?,?,?
1,?,?,?
1,?,?,?
1,?,?,?
1,?,?,?
1,?,?,?
1,?,?,?
1,?,?,?
1,?,?,?
1,?,?,?
1,?,?,?
1,?,?,?
1,?,?,?
1,?,?,?
1,?,?,?
1,?,?,?
1,?,?,?
1,?,?,?
1,?,?,?
1,?,0.2,?
1,?,0.143,?
1,?,?,?
1,?,?,?
1,?,?,?
1,?,?,?
1,?,0.167,?
1,?,?,?
1,?,?,?
1,?,?,?
1,?,?,?
1,?,?,?
1,?,?,?
1,?,?,?
1,?,?,?
1,?,?,?
1,?,?,?
1,?,?,?
1,?,?,?
1,?,?,?
1,?,?,?
1,?,?,?
1,?,?,?
1,?,?,?
1,?,?,?
1,?,?,?
1,?,?,?
1,?,?,?
1,?,?,?
1,?,?,?
1,?,0.053,?
1,?,0.002,?
1,?,?,?
1,?,?,?
1,?,?,?
1,?,?,?
1,?,?,?
1,?,?,?
1,?,?,?
1,?,?,?
1,?,?,?
1,?,?,?
1,?,?,?
1,?,?,?
1,?,?,?
1,?,?,?
1,?,?,?
1,?,?,?
1,?,?,?
1,?,?,?
1,?,?,?
1,?,0.333,?
1,?,0.071,?
1,?,?,?
1,?,?,?
1,?,?,?
1,?,?,?
1,?,?,?
1,?,?,?
1,?,?,?
1,?,?,?
1,?,?,?
1,?,0.016,?
1,?,?,?
1,?,?,?
1,?,?,?
1,?,?,?
1,?,?,?
1,?,0.077,?
1,?,?,?
1,?,?,?
1,?,?,?
1,?,0.045,?
1,?,?,?
1,?,?,?
1,?,?,?
1,?,?,?
1,?,?,?
1,?,0.007,?
1,?,?,?
1,?,?,?
1,?,0.006,?
1,?,?,?
1,?,?,?
1,?,?,?
1,?,?,?
1,?,?,?
1,?,?,?
1,?,?,?
1,?,?,?
1,?,?,?
1,?,?,?
1,?,0.2,?
1,?,?,?
1,?,?,?
1,?,?,?
1,?,?,?
1,?,?,?
1,?,?,?
1,?,?,?
1,?,0.333,?
1,?,?,?
1,?,?,?
1,?,?,?
1,?,0.25,?
1,?,?,?
1,?,0.005,?
1,?,?,?
1,?,?,?
1,?,0.052,?
1,?,?,?
1,?,?,?
1,?,?,?
1,?,?,?
1,?,?,?
1,?,?,?
1,?,?,?
1,?,?,?
1,?,?,?
1,?,?,?
1,?,?,?
1,?,?,?
1,?,?,?
1,?,0.333,?
1,?,?,?
1,?,?,?
1,?,?,?
1,?,?,?
1,?,?,?
1,?,?,?
1,?,?,?
1,?,?,?
1,?,0.065,?
1,?,?,?
1,?,?,?
1,?,0.024,?
1,?,?,?
1,?,?,?
1,?,?,?
1,?,?,?
1,?,?,?
1,?,?,?
1,?,0.098,?
1,?,?,?
1,?,?,?
1,?,?,?
1,?,?,?
1,?,?,?
1,?,?,?
1,?,?,?
1,?,?,?
1,?,0.036,?
1,?,?,?
1,?,?,?
1,?,?,?
1,?,?,?
1,?,?,?
1,?,?,?
1,?,?,?
1,?,?,?
1,?,0.002,?
1,?,?,?
1,?,?,?
1,?,?,?
1,?,0.023,?
1,?,?,?
1,?,0.014,?
1,?,?,?
1,?,?,?
1,?,?,?
1,?,?,?
1,?,?,?
1,?,?,?
1,?,?,?
1,?,?,?
1,?,0.007,?
1,?,?,?
1,?,?,?
1,?,?,?
1,?,?,?
1,?,?,?
1,?,0.048,?
1,?,?,?
1,?,?,?
1,?,?,?
1,?,?,?
1,?,0.042,?
1,?,?,?
1,?,?,?
1,?,?,?
1,?,0.004,?
1,?,?,?
1,?,?,?
1,?,?,?
1,?,?,?
1,?,?,?
1,?,?,?
1,?,?,?
1,?,0.017,?
1,?,?,?
1,?,0.063,?
1,?,?,?
1,?,?,?
1,?,?,?
1,?,?,?
1,?,?,?
1,?,?,?
1,?,?,?
1,?,?,?
1,?,?,?
1,?,0.1,?
1,?,?,?
1,?,?,?
1,?,?,?
1,?,?,?
1,?,?,?
1,?,?,?
1,?,?,?
1,?,?,?
1,?,?,?
1,?,?,?
1,?,?,?
1,?,?,?
1,?,?,?
1,?,?,?
1,?,?,?
1,?,?,?
1,?,?,?
1,?,0.067,?
1,?,?,?
1,?,?,?
1,?,?,?
1,?,?,?
1,?,?,?
1,?,?,?
1,?,?,?
1,?,?,?
1,?,?,?
1,?,?,?
1,?,?,?
1,?,?,?
1,?,?,?
1,?,?,?
1,?,?,?
1,?,?,?
1,?,?,?
1,?,?,?
1,?,?,?
1,?,?,?
1,?,?,?
1,?,?,?
1,?,?,?
1,?,?,?
1,?,?,?
1,?,?,?
1,?,?,?
1,?,?,?
1,?,0.001,?
1,?,?,?
1,?,?,?
1,?,?,?
1,?,0.011,?
1,?,?,?
1,?,?,?
1,?,?,?
1,?,?,?
1,?,?,?
1,?,?,?
1,?,?,?
1,?,?,?
1,?,?,?
1,?,?,?
1,?,?,?
1,?,?,?
1,?,?,?
1,?,?,?
1,?,?,?
1,?,?,?
1,?,?,?
1,?,?,?
1,?,0.008,?
1,?,?,?
1,?,?,?
1,?,?,?
1,?,?,?
1,?,?,?
1,?,?,?
1,?,?,?
1,?,?,?
1,?,?,?
1,?,?,?
1,?,?,?
1,?,?,?
1,?,?,?
1,?,?,?
1,?,?,?
1,?,?,?
1,?,?,?
1,?,?,?
1,?,?,?
1,?,?,?
1,?,?,?
1,?,?,?
1,?,?,?
1,?,?,?
1,?,?,?
1,?,?,?
1,?,?,?
1,?,?,?
1,?,?,?
1,?,?,?
1,?,?,?
1,?,?,?
1,?,?,?
1,?,?,?
1,?,?,?
1,?,?,?
1,?,?,?
1,?,?,?
1,?,?,?
1,?,?,?
1,?,?,?
1,?,?,?
1,?,?,?
1,?,?,?
1,?,?,?
1,?,?,?
1,?,?,?
1,?,?,?
1,?,?,?
1,?,0.005,?
1,?,0.05,?
1,?,?,?
1,?,?,?
1,?,?,?
1,?,?,?
1,?,?,?
1,?,?,?
1,?,?,?
1,?,?,?
1,?,?,?
1,?,?,?
1,?,?,?
1,?,?,?
1,?,?,?
1,?,?,?
1,?,?,?
1,?,?,?
1,?,?,?
1,?,?,?
1,?,?,?
1,?,?,?
1,?,0.005,?
1,?,?,?
1,?,?,?
1,?,?,?
1,?,?,?
1,?,?,?
1,?,?,?
1,?,?,?
1,?,0.002,?
1,?,?,?
1,?,?,?
1,?,?,?
1,?,0.067,?
1,?,?,?
1,?,?,?
1,?,?,?
1,?,?,?
1,?,?,?
1,?,?,?
1,?,?,?
1,?,?,?
1,?,?,?
1,?,?,?
1,?,?,?
1,?,?,?
1,?,?,?
1,?,0.01,?
1,?,?,?
1,?,?,?
1,?,0.065,?
1,?,?,?
1,?,0.005,?
1,?,0.333,?
1,?,?,?
1,?,?,?
1,?,0.333,?
1,?,?,?
1,?,?,?
1,?,?,?
1,?,?,?
1,?,?,?
1,?,?,?
1,?,?,?
1,?,?,?
1,?,?,?
1,?,?,?
1,?,?,?
1,?,0.071,?
1,?,?,?
1,?,?,?
1,?,?,?
1,?,?,?
1,?,0.056,?
1,?,?,?
1,?,?,?
1,?,?,?
1,?,0.002,?
1,?,?,?
1,?,?,?
1,?,?,?
1,?,?,?
1,?,?,?
1,?,?,?
1,?,?,?
1,?,?,?
1,?,?,?
1,?,0.071,?
1,?,0.014,?
1,?,0.007,?
1,?,?,?
1,?,?,?
1,?,?,?
1,?,?,?
1,?,?,?
1,?,?,?
1,?,?,?
1,?,?,?
1,?,?,?
1,?,0.2,?
1,?,0.041,?
1,?,?,?
1,?,0.006,?
1,?,?,?
1,?,?,?
1,?,?,?
1,?,?,?
1,?,?,?
1,?,?,?
1,?,?,?
1,?,?,?
1,?,?,?
1,?,?,?
1,?,?,?
1,?,?,?
1,?,?,?
1,?,?,?
1,?,?,?
1,?,?,?
1,?,?,?
1,?,?,?
1,?,?,?
1,?,?,?
1,?,?,?
1,?,?,?
1,?,?,?
1,?,?,?
1,?,?,?
1,?,?,?
1,?,?,?
1,?,0.042,?
1,?,?,?
1,?,?,?
1,?,?,?
1,?,?,?
1,?,?,?
1,?,?,?
1,?,?,?
1,?,?,?
1,?,?,?
1,?,?,?
1,?,?,?
1,?,?,?
1,?,?,?
1,?,?,?
1,?,?,?
1,?,?,?
1,?,?,?
1,?,?,?
1,?,?,?
1,?,?,?
1,?,?,?
1,?,?,?
1,?,?,?
1,?,?,?
1,?,?,?
1,?,?,?
1,?,?,?
1,?,?,?
1,?,?,?
1,?,?,?
1,?,0.2,?
1,?,?,?
1,?,?,?
1,?,?,?
1,?,?,?
1,?,?,?
1,?,?,?
1,?,?,?
1,?,?,?
1,?,0.014,?
1,?,?,?
1,?,?,?
1,?,?,?
1,?,?,?
1,?,?,?
1,?,?,?
1,?,?,?
1,?,?,?
1,?,?,?
1,?,?,?
1,?,?,?
1,?,?,?
1,?,?,?
1,?,?,?
1,?,0.071,?
1,?,?,?
1,?,?,?
1,?,?,?
1,?,?,?
1,?,?,?
1,?,?,?
1,?,?,?
1,?,?,?
1,?,?,?
1,?,?,?
1,?,0.017,?
1,?,?,?
1,?,0.143,?
1,?,?,?
1,?,0.017,?
1,?,?,?
1,?,?,?
1,?,?,?
1,?,?,?
1,?,?,?
1,?,?,?
1,?,?,?
1,?,?,?
1,?,?,?
1,?,?,?
1,?,?,?
1,?,?,?
1,?,?,?
1,?,?,?
1,?,?,?
1,?,?,?
1,?,?,?
1,?,?,?
1,?,?,?
1,?,?,?
1,?,?,?
1,?,?,?
1,?,?,?
1,?,?,?
1,?,?,?
1,?,?,?
1,?,?,?
1,?,?,?
1,?,?,?
1,?,?,?
1,?,?,?
1,?,?,?
1,?,?,?
1,?,0.038,?
1,?,?,?
1,?,0.167,?
1,?,?,?
1,?,0.024,?
1,?,?,?
1,?,?,?
1,?,?,?
1,?,?,?
1,?,?,?
1,?,?,?
1,?,?,?
1,?,?,?
1,?,?,?
1,?,0.007,?
1,?,?,?
1,?,?,?
1,?,?,?
1,?,0.006,?
1,?,?,?
1,?,?,?
1,?,?,?
1,?,?,?
1,?,?,?
1,?,0.077,?
1,?,?,?
1,?,?,?
1,?,?,?
1,?,?,?
1,?,?,?
1,?,?,?
1,?,?,?
1,?,?,?
1,?,?,?
1,?,?,?
1,?,?,?
1,?,?,?
1,?,?,?
1,?,?,?
1,?,?,?
1,?,?,?
1,?,?,?
1,?,?,?
1,?,?,?
1,?,?,?
1,?,?,?
1,?,?,?
1,?,?,?
1,?,?,?
1,?,?,?
1,?,?,?
1,?,?,?
1,?,?,?
1,?,?,?
1,?,?,?
1,?,?,?
1,?,?,?
1,?,?,?
1,?,?,?
1,?,?,?
1,?,?,?
1,?,?,?
1,?,?,?
1,?,?,?
1,?,?,?
1,?,?,?
1,?,?,?
1,?,?,?
1,?,?,?
1,?,?,?
1,?,?,?
1,?,?,?
1,?,?,?
1,?,?,?
1,?,?,?
1,?,?,?
1,?,?,?
1,?,?,?
1,?,?,?
1,?,?,?
1,?,?,?
1,?,0.002,?
1,?,?,?
1,?,?,?
1,?,?,?
1,?,?,?
1,?,0.019,?
1,?,?,?
1,?,?,?
1,?,?,?
1,?,?,?
1,?,?,?
1,?,?,?
1,?,?,?
1,?,?,?
1,?,?,?
1,?,?,?
1,?,?,?
1,?,?,?
1,?,?,?
1,?,?,?
1,?,?,?
1,?,?,?
1,?,?,?
1,?,?,?
1,?,?,?
1,?,?,?
1,?,?,?
1,?,?,?
1,?,?,?
1,?,?,?
1,?,?,?
1,?,?,?
1,?,?,?
1,?,?,?
1,?,?,?
1,?,?,?
1,?,?,?
1,?,?,?
1,?,?,?
1,?,?,?
1,?,?,?
1,?,?,?
1,?,?,?
1,?,0.238,?
1,?,?,?
1,?,?,?
1,?,0.299,?
1,?,?,?
1,?,?,?
1,?,?,?
1,?,?,?
1,?,?,?
1,?,0.042,?
1,?,?,?
1,?,?,?
1,?,?,?
1,?,?,?
1,?,?,?
1,?,?,?
1,?,?,?
1,?,?,?
1,?,0.022,?
1,?,?,?
1,?,0.011,?
1,?,?,?
1,?,?,?
1,?,?,?
1,?,?,?
1,?,?,?
1,?,?,?
1,?,?,?
1,?,?,?
1,?,?,?
1,?,?,?
1,?,?,?
1,?,?,?
1,?,?,?
1,?,?,?
1,?,?,?
1,?,?,?
1,?,?,?
1,?,?,?
1,?,0.049,?
1,?,?,?
1,?,?,?
1,?,?,?
1,?,?,?
1,?,?,?
1,?,?,?
1,?,?,?
1,?,?,?
1,?,?,?
1,?,?,?
1,?,0.071,?
1,?,?,?
1,?,?,?
1,?,?,?
1,?,?,?
1,?,?,?
1,?,?,?
1,?,?,?
1,?,?,?
1,?,?,?
1,?,?,?
1,?,?,?
1,?,?,?
1,?,?,?
1,?,?,?
1,?,?,?
1,?,?,?
1,?,?,?
1,?,?,?
1,?,?,?
1,?,?,?
1,?,?,?
1,?,?,?
1,?,0.042,?
1,?,?,?
1,?,?,?
1,?,?,?
1,?,?,?
1,?,?,?
1,?,?,?
1,?,?,?
1,?,?,?
1,?,?,?
1,?,0.083,?
1,?,?,?
1,?,?,?
1,?,?,?
1,?,0.016,?
1,?,?,?
1,?,?,?
1,?,?,?
1,?,?,?
1,?,?,?
1,?,?,?
1,?,?,?
1,?,?,?
1,?,?,?
1,?,?,?
1,?,?,?
1,?,?,?
1,?,?,?
1,?,?,?
1,?,?,?
1,?,?,?
1,?,?,?
1,?,?,?
1,?,?,?
1,?,?,?
1,?,?,?
1,?,?,?
1,?,?,?
1,?,?,?
1,?,?,?
1,?,?,?
1,?,?,?
1,?,?,?
1,?,?,?
1,?,?,?
1,?,?,?
1,?,?,?
1,?,?,?
1,?,?,?
1,?,?,?
1,?,?,?
1,?,?,?
1,?,?,?
1,?,?,?
1,?,?,?
1,?,?,?
1,?,?,?
1,?,?,?
1,?,?,?
1,?,0.01,?
1,?,?,?
1,?,?,?
1,?,?,?
1,?,?,?
1,?,?,?
1,?,?,?
1,?,?,?
1,?,?,?
1,?,?,?
1,?,?,?
1,?,?,?
1,?,?,?
1,?,?,?
1,?,?,?
1,?,0.007,?
1,?,?,?
1,?,?,?
1,?,?,?
1,?,?,?
1,?,?,?
1,?,?,?
1,?,?,?
1,?,?,?
1,?,?,?
1,?,?,?
1,?,?,?
1,?,?,?
1,?,0.014,?
1,?,?,?
1,?,?,?
1,?,?,?
1,?,?,?
1,?,?,?
1,?,?,?
1,?,?,?
1,?,?,?
1,?,?,?
1,?,?,?
1,?,?,?
1,?,?,?
1,?,?,?
1,?,?,?
1,?,?,?
1,?,?,?
1,?,?,?
1,?,?,?
1,?,?,?
1,?,0.02,?
1,?,?,?
1,?,?,?
1,?,?,?
1,?,?,?
1,?,?,?
1,?,?,?
1,?,?,?
1,?,?,?
1,?,?,?
1,?,?,?
1,?,?,?
1,?,?,?
1,?,?,?
1,?,?,?
1,?,?,?
1,?,?,?
1,?,?,?
1,?,?,?
1,?,?,?
1,?,?,?
1,?,?,?
1,?,?,?
1,?,?,?
1,?,?,?
1,?,?,?
1,?,0.071,?
1,?,?,?
1,?,?,?
1,?,?,?
1,?,?,?
1,?,0.006,?
1,?,?,?
1,?,?,?
1,?,?,?
1,?,?,?
1,?,?,?
1,?,?,?
1,?,?,?
1,?,?,?
1,?,?,?
1,?,?,?
1,?,0.035,?
1,?,0.036,?
1,?,?,?
1,?,?,?
1,?,?,?
1,?,?,?
1,?,?,?
1,?,?,?
1,?,?,?
1,?,?,?
1,?,?,?
1,?,?,?
1,?,?,?
1,?,?,?
1,?,0.006,?
1,?,?,?
1,?,?,?
1,?,?,?
1,?,?,?
1,?,?,?
1,?,?,?
1,?,?,?
1,?,?,?
1,?,?,?
1,?,?,?
1,?,0.077,?
1,?,0.006,?
1,?,?,?
1,?,?,?
1,?,?,?
1,?,?,?
1,?,?,?
1,?,?,?
1,?,?,?
1,?,?,?
1,?,?,?
1,?,?,?
1,?,?,?
1,?,?,?
1,?,?,?
1,?,?,?
1,?,?,?
1,?,?,?
1,?,?,?
1,?,?,?
1,?,?,?
1,?,?,?
1,?,?,?
1,?,?,?
1,?,?,?
1,?,?,?
1,?,?,?
1,?,?,?
1,?,?,?
1,?,?,?
1,?,?,?
1,?,?,?
1,?,?,?
1,?,?,?
1,?,?,?
1,?,?,?
1,?,?,?
1,?,?,?
1,?,?,?
1,?,?,?
1,?,?,?
1,?,?,?
1,?,?,?
1,?,?,?
1,?,?,?
1,?,?,?
1,?,?,?
1,?,?,?
1,?,?,?
1,?,?,?
1,?,?,?
1,?,?,?
1,?,?,?
1,?,?,?
1,?,?,?
1,?,?,?
1,?,?,?
1,?,?,?
1,?,?,?
1,?,0.067,?
1,?,?,?
1,?,?,?
1,?,?,?
1,?,?,?
1,?,?,?
1,?,?,?
1,?,0.2,?
1,?,?,?
1,?,?,?
1,?,?,?
1,?,0.5,?
1,?,?,?
1,?,?,?
1,?,?,?
1,?,?,?
1,?,?,?
1,?,?,?
1,?,?,?
1,?,?,?
1,?,?,?
1,?,?,?
1,?,?,?
1,?,?,?
1,?,?,?
1,?,?,?
1,?,?,?
1,?,?,?
1,?,0.018,?
1,?,?,?
1,?,?,?
1,?,?,?
1,?,?,?
1,?,?,?
1,?,?,?
1,?,?,?
1,?,0.02,?
1,?,?,?
1,?,?,?
1,?,?,?
1,?,?,?
1,?,?,?
1,?,?,?
1,?,?,?
1,?,?,?
1,?,?,?
1,?,?,?
1,?,?,?
1,?,?,?
1,?,?,?
1,?,?,?
1,?,?,?
1,?,?,?
1,?,?,?
1,?,?,?
1,?,?,?
1,?,?,?
1,?,?,?
1,?,?,?
1,?,?,?
1,?,?,?
1,?,0.2,?
1,?,?,?
1,?,?,?
1,?,?,?
1,?,?,?
1,?,?,?
1,?,?,?
1,?,?,?
1,?,?,?
1,?,?,?
1,?,?,?
1,?,?,?
1,?,?,?
1,?,?,?
1,?,?,?
1,?,?,?
1,?,?,?
1,?,?,?
1,?,?,?
1,?,?,?
1,?,?,?
1,?,?,?
1,?,?,?
1,?,?,?
1,?,?,?
1,?,?,?
1,?,0.028,?
1,?,?,?
1,?,?,?
1,?,?,?
1,?,?,?
1,?,?,?
1,?,?,?
1,?,0.02,?
1,?,?,?
1,?,?,?
1,?,?,?
1,?,?,?
1,?,?,?
1,?,?,?
1,?,?,?
1,?,?,?
1,?,?,?
1,?,?,?
1,?,?,?
1,?,?,?
1,?,?,?
1,?,?,?
1,?,?,?
1,?,?,?
1,?,?,?
1,?,?,?
1,?,?,?
1,?,?,?
1,?,?,?
1,?,?,?
1,?,?,?
1,?,?,?
1,?,?,?
1,?,?,?
1,?,0.029,?
1,?,0.01,?
1,?,?,?
1,?,?,?
1,?,?,?
1,?,?,?
1,?,?,?
1,?,?,?
1,?,?,?
1,?,?,?
1,?,?,?
1,?,?,?
1,?,?,?
1,?,?,?
1,?,?,?
1,?,?,?
1,?,?,?
1,?,?,?
1,?,?,?
1,?,?,?
1,?,?,?
1,?,?,?
1,?,?,?
1,?,?,?
1,?,0.007,?
1,?,?,?
1,?,?,?
1,?,?,?
1,?,?,?
1,?,?,?
1,?,0.017,?
1,?,?,?
1,?,?,?
1,?,?,?
1,?,?,?
1,?,0.1,?
1,?,0.022,?
1,?,?,?
1,?,0.059,?
1,?,?,?
1,?,?,?
1,?,?,?
1,?,?,?
1,?,?,?
1,?,?,?
1,?,0.5,?
1,?,?,?
1,?,?,?
1,?,?,?
1,?,?,?
1,?,?,?
1,?,?,?
1,?,?,?
1,?,?,?
1,?,?,?
1,?,?,?
1,?,?,?
1,?,?,?
1,?,?,?
1,?,?,?
1,?,?,?
1,?,1,?
1,?,?,?
1,?,?,?
1,?,?,?
1,?,?,?
1,?,?,?
1,?,?,?
1,?,?,?
1,?,?,?
1,?,?,?
1,?,?,?
1,?,?,?
1,?,?,?
1,?,?,?
1,?,?,?
1,?,?,?
1,?,0.018,?
1,?,?,?
1,?,?,?
1,?,?,?
1,?,?,?
1,?,?,?
1,?,?,?
1,?,?,?
1,?,?,?
1,?,?,?
1,?,?,?
1,?,?,?
1,?,?,?
1,?,0.102,?
1,?,?,?
1,?,?,?
1,?,?,?
1,?,?,?
1,?,?,?
1,?,?,?
1,?,?,?
1,?,?,?
1,?,?,?
1,?,?,?
1,?,0.143,?
1,?,?,?
1,?,?,?
1,?,?,?
1,?,?,?
1,?,0.006,?
1,?,0.002,?
1,?,?,?
1,?,?,?
1,?,?,?
1,?,?,?
1,?,?,?
1,?,?,?
1,?,?,?
1,?,?,?
1,?,?,?
1,?,?,?
1,?,?,?
1,?,0.007,?
1,?,?,?
1,?,?,?
1,?,?,?
1,?,?,?
1,?,?,?
1,?,0.036,?
1,?,?,?
1,?,?,?
1,?,?,?
1,?,?,?
1,?,?,?
1,?,?,?
1,?,?,?
1,?,?,?
1,?,?,?
1,?,?,?
1,?,0.008,?
1,?,?,?
1,?,?,?
1,?,?,?
1,?,?,?
1,?,?,?
1,?,?,?
1,?,?,?
1,?,0.067,?
1,?,?,?
1,?,?,?
1,?,?,?
1,?,?,?
1,?,?,?
1,?,?,?
1,?,?,?
1,?,0.013,?
1,?,?,?
1,?,?,?
1,?,?,?
1,?,?,?
1,?,?,?
1,?,?,?
1,?,?,?
1,?,?,?
1,?,?,?
1,?,0.25,?
1,?,?,?
1,?,?,?
1,?,?,?
1,?,?,?
1,?,?,?
1,?,?,?
1,?,?,?
1,?,?,?
1,?,?,?
1,?,?,?
1,?,?,?
1,?,?,?
1,?,?,?
1,?,?,?
1,?,?,?
1,?,?,?
1,?,?,?
1,?,?,?
1,?,?,?
1,?,?,?
1,?,0.111,?
1,?,?,?
1,?,?,?
1,?,0.5,?
1,?,?,?
1,?,?,?
1,?,?,?
1,?,?,?
1,?,?,?
1,?,?,?
1,?,?,?
1,?,0.063,?
1,?,?,?
1,?,?,?
1,?,?,?
1,?,?,?
1,?,?,?
1,?,?,?
1,?,?,?
1,?,?,?
1,?,?,?
1,?,?,?
1,?,?,?
1,?,?,?
1,?,?,?
1,?,?,?
1,?,?,?
1,?,?,?
1,?,?,?
1,?,0.5,?
1,?,?,?
1,?,?,?
1,?,?,?
1,?,?,?
1,?,?,?
1,?,?,?
1,?,?,?
1,?,0.002,?
1,?,?,?
1,?,?,?
1,?,?,?
1,?,?,?
1,?,?,?
1,?,?,?
1,?,?,?
1,?,?,?
1,?,?,?
1,?,?,?
1,?,?,?
1,?,?,?
1,?,?,?
1,?,?,?
1,?,0.071,?
1,?,?,?
1,?,?,?
1,?,?,?
1,?,?,?
1,?,?,?
1,?,0.007,?
1,?,?,?
1,?,0.063,?
1,?,?,?
1,?,?,?
1,?,?,?
1,?,?,?
1,?,?,?
1,?,?,?
1,?,?,?
1,?,?,?
1,?,0.2,?
1,?,?,?
1,?,?,?
1,?,?,?
1,?,?,?
1,?,0.068,?
1,?,?,?
1,?,?,?
1,?,?,?
1,?,0.048,?
1,?,?,?
1,?,?,?
1,?,?,?
1,?,?,?
1,?,0.067,?
1,?,?,?
1,?,?,?
1,?,?,?
1,?,?,?
1,?,0.033,?
1,?,?,?
1,?,?,?
1,?,?,?
1,?,?,?
1,?,?,?
1,?,?,?
1,?,?,?
1,?,?,?
1,?,?,?
1,?,?,?
1,?,0.002,?
1,?,?,?
1,?,?,?
1,?,?,?
1,?,?,?
1,?,?,?
1,?,?,?
1,?,?,?
1,?,?,?
1,?,?,?
1,?,?,?
1,?,?,?
1,?,?,?
1,?,?,?
1,?,?,?
1,?,0.015,?
1,?,?,?
1,?,0.007,?
1,?,?,?
1,?,?,?
1,?,?,?
1,?,?,?
1,?,?,?
1,?,?,?
1,?,?,?
1,?,?,?
1,?,?,?
1,?,?,?
1,?,?,?
1,?,?,?
1,?,?,?
1,?,0.006,?
1,?,?,?
1,?,?,?
1,?,?,?
1,?,?,?
1,?,0.071,?
1,?,?,?
1,?,0.07,?
1,?,?,?
1,?,0.007,?
1,?,0.003,?
1,?,0.102,?
1,?,?,?
1,?,?,?
1,?,?,?
1,?,?,?
1,?,?,?
1,?,?,?
1,?,?,?
1,?,?,?
1,?,0.029,?
1,?,?,?
1,?,?,?
1,?,?,?
1,?,?,?
1,?,?,?
1,?,?,?
1,?,0.067,?
1,?,?,?
1,?,?,?
1,?,?,?
1,?,?,?
1,?,?,?
1,?,?,?
1,?,?,?
1,?,?,?
1,?,?,?
1,?,?,?
1,?,?,?
1,?,?,?
1,?,?,?
1,?,?,?
1,?,?,?
1,?,?,?
1,?,?,?
1,?,?,?
1,?,0.034,?
1,?,?,?
1,?,?,?
1,?,?,?
1,?,?,?
1,?,0.007,?
1,?,?,?
1,?,?,?
1,?,?,?
1,?,?,?
1,?,?,?
1,?,?,?
1,?,?,?
1,?,?,?
1,?,?,?
1,?,?,?
1,?,?,?
1,?,?,?
1,?,?,?
1,?,?,?
1,?,?,?
1,?,?,?
1,?,?,?
1,?,?,?
1,?,?,?
1,?,?,?
1,?,?,?
1,?,?,?
1,?,?,?
1,?,?,?
1,?,?,?
1,?,?,?
1,?,?,?
1,?,?,?
1,?,?,?
1,?,0.017,?
1,?,?,?
1,?,?,?
1,?,?,?
1,?,?,?
1,?,?,?
1,?,?,?
1,?,?,?
1,?,?,?
1,?,?,?
1,?,?,?
1,?,?,?
1,?,?,?
1,?,?,?
1,?,?,?
1,?,?,?
1,?,?,?
1,?,?,?
1,?,?,?
1,?,?,?
1,?,?,?
1,?,?,?
1,?,?,?
1,?,?,?
1,?,?,?
1,?,?,?
1,?,?,?
1,?,?,?
1,?,?,?
1,?,?,?
1,?,?,?
1,?,0.002,?
1,?,?,?
1,?,?,?
1,?,?,?
1,?,?,?
1,?,?,?
1,?,?,?
1,?,?,?
1,?,?,?
1,?,0.005,?
1,?,?,?
1,?,?,?
1,?,?,?
1,?,?,?
1,?,?,?
1,?,?,?
1,?,?,?
1,?,0.067,?
1,?,?,?
1,?,?,?
1,?,?,?
1,?,?,?
1,?,?,?
1,?,?,?
1,?,?,?
1,?,?,?
1,?,?,?
1,?,?,?
1,?,?,?
1,?,?,?
1,?,?,?
1,?,?,?
1,?,?,?
1,?,?,?
1,?,?,?
1,?,?,?
1,?,?,?
1,?,?,?
1,?,?,?
1,?,?,?
1,?,?,?
1,?,?,?
1,?,?,?
1,?,?,?
1,?,?,?
1,?,?,?
1,?,?,?
1,?,?,?
1,?,?,?
1,?,?,?
1,?,0.002,?
1,?,?,?
1,?,?,?
1,?,0.077,?
1,?,?,?
1,?,?,?
1,?,?,?
1,?,?,?
1,?,?,?
1,?,?,?
1,?,?,?
1,?,?,?
1,?,?,?
1,?,?,?
1,?,?,?
1,?,?,?
1,?,?,?
1,?,0.007,?
1,?,?,?
1,?,?,?
1,?,?,?
1,?,?,?
1,?,?,?
1,?,?,?
1,?,?,?
1,?,?,?
1,?,?,?
1,?,0.063,?
1,?,?,?
1,?,?,?
1,?,?,?
1,?,?,?
1,?,?,?
1,?,?,?
1,?,?,?
1,?,?,?
1,?,?,?
1,?,?,?
1,?,?,?
1,?,?,?
1,?,?,?
1,?,?,?
1,?,?,?
1,?,?,?
1,?,0.091,?
1,?,?,?
1,?,?,?
1,?,?,?
1,?,?,?
1,?,?,?
1,?,?,?
1,?,?,?
1,?,?,?
1,?,?,?
1,?,0.002,?
1,?,?,?
1,?,?,?
1,?,?,?
1,?,?,?
1,?,?,?
1,?,?,?
1,?,?,?
1,?,?,?
1,?,0.111,?
1,?,?,?
1,?,0.018,?
1,?,0.002,?
1,?,?,?
1,?,0.037,?
1,?,?,?
1,?,?,?
1,?,?,?
1,?,?,?
1,?,?,?
1,?,0.111,?
1,?,0.333,?
1,?,0.071,?
1,?,?,?
1,?,?,?
1,?,?,?
1,?,?,?
1,?,?,?
1,?,?,?
1,?,?,?
1,?,?,?
1,?,?,?
1,?,?,?
1,?,?,?
1,?,?,?
1,?,?,?
1,?,0.037,?
1,?,?,?
1,?,0.071,?
1,?,?,?
1,?,?,?
1,?,?,?
1,?,?,?
1,?,?,?
1,?,?,?
1,?,?,?
1,?,?,?
1,?,?,?
1,?,?,?
1,?,?,?
1,?,?,?
1,?,?,?
1,?,?,?
1,?,?,?
1,?,?,?
1,?,?,?
1,?,?,?
1,?,?,?
1,?,?,?
1,?,0.022,?
1,?,?,?
1,?,?,?
1,?,?,?
1,?,?,?
1,?,?,?
1,?,?,?
1,?,?,?
1,?,?,?
1,?,0.002,?
1,?,?,?
1,?,?,?
1,?,0.005,?
1,?,?,?
1,?,?,?
1,?,?,?
1,?,?,?
1,?,?,?
1,?,?,?
1,?,?,?
1,?,?,?
1,?,?,?
1,?,?,?
1,?,?,?
1,?,?,?
1,?,?,?
1,?,?,?
1,?,?,?
1,?,?,?
1,?,?,?
1,?,?,?
1,?,?,?
1,?,?,?
1,?,?,?
1,?,?,?
1,?,?,?
1,?,?,?
1,?,?,?
1,?,?,?
1,?,?,?
1,?,?,?
1,?,?,?
1,?,?,?
1,?,?,?
1,?,?,?
1,?,?,?
1,?,?,?
1,?,?,?
1,?,?,?
1,?,0.015,?
1,?,?,?
1,?,?,?
1,?,?,?
1,?,?,?
1,?,?,?
1,?,0.028,?
1,?,?,?
1,?,?,?
1,?,?,?
1,?,?,?
1,?,?,?
1,?,?,?
1,?,?,?
1,?,?,?
1,?,?,?
1,?,?,?
1,?,?,?
1,?,?,?
1,?,?,?
1,?,?,?
1,?,?,?
1,?,?,?
1,?,?,?
1,?,?,?
1,?,?,?
1,?,?,?
1,?,?,?
1,?,?,?
1,?,?,?
1,?,?,?
1,?,?,?
1,?,?,?
1,?,?,?
1,?,?,?
1,?,?,?
1,?,?,?
1,?,?,?
1,?,?,?
1,?,?,?
1,?,?,?
1,?,?,?
1,?,?,?
1,?,?,?
1,?,?,?
1,?,?,?
1,?,?,?
1,?,?,?
1,?,?,?
1,?,0.006,?
1,?,?,?
1,?,?,?
1,?,?,?
1,?,?,?
1,?,?,?
1,?,?,?
1,?,?,?
1,?,?,?
1,?,?,?
1,?,?,?
1,?,?,?
1,?,?,?
1,?,?,?
1,?,?,?
1,?,0.011,?
1,?,?,?
1,?,?,?
1,?,?,?
1,?,?,?
1,?,?,?
1,?,0.084,?
1,?,?,?
1,?,?,?
1,?,?,?
1,?,?,?
1,?,0.005,?
1,?,?,?
1,?,?,?
1,?,?,?
1,?,0.125,?
1,?,?,?
1,?,?,?
1,?,?,?
1,?,?,?
1,?,0.043,?
1,?,?,?
1,?,?,?
1,?,?,?
1,?,?,?
1,?,?,?
1,?,?,?
1,?,?,?
1,?,?,?
1,?,?,?
1,?,?,?
1,?,?,?
1,?,?,?
1,?,?,?
1,?,?,?
1,?,?,?
1,?,?,?
1,?,?,?
1,?,0.042,?
1,?,?,?
1,?,?,?
1,?,?,?
1,?,?,?
1,?,0.002,?
1,?,?,?
1,?,?,?
1,?,?,?
1,?,?,?
1,?,?,?
1,?,0.002,?
1,?,?,?
1,?,?,?
1,?,?,?
1,?,?,?
1,?,?,?
1,?,?,?
1,?,0.033,?
1,?,?,?
1,?,?,?
1,?,?,?
1,?,?,?
1,?,?,?
1,?,?,?
1,?,?,?
1,?,?,?
1,?,?,?
1,?,?,?
1,?,?,?
1,?,?,?
1,?,?,?
1,?,0.071,?
1,?,?,?
1,?,?,?
1,?,?,?
1,?,?,?
1,?,?,?
1,?,?,?
1,?,?,?
1,?,?,?
1,?,?,?
1,?,?,?
1,?,0.011,?
1,?,?,?
1,?,?,?
1,?,0.022,?
1,?,?,?
1,?,?,?
1,?,?,?
1,?,?,?
1,?,?,?
1,?,?,?
1,?,?,?
1,?,?,?
1,?,?,?
1,?,?,?
1,?,0.333,?
1,?,?,?
1,?,?,?
1,?,?,?
1,?,0.036,?
1,?,?,?
1,?,?,?
1,?,?,?
1,?,0.012,?
1,?,?,?
1,?,?,?
1,?,?,?
1,?,0.015,?
1,?,?,?
1,?,0.017,?
1,?,?,?
1,?,0.008,?
1,?,?,?
1,?,?,?
1,?,?,?
1,?,?,?
1,?,?,?
1,?,?,?
1,?,?,?
1,?,?,?
1,?,?,?
1,?,?,?
1,?,?,?
1,?,?,?
1,?,?,?
1,?,?,?
1,?,?,?
1,?,?,?
1,?,0.006,?
1,?,?,?
1,?,?,?
1,?,?,?
1,?,?,?
1,?,?,?
1,?,?,?
1,?,?,?
1,?,?,?
1,?,?,?
1,?,?,?
1,?,?,?
1,?,?,?
1,?,?,?
1,?,?,?
1,?,?,?
1,?,?,?
1,?,?,?
1,?,?,?
1,?,?,?
1,?,?,?
1,?,?,?
1,?,?,?
1,?,?,?
1,?,?,?
1,?,?,?
1,?,?,?
1,?,?,?
1,?,?,?
1,?,?,?
1,?,?,?
1,?,?,?
1,?,?,?
1,?,?,?
1,?,?,?
1,?,?,?
1,?,?,?
1,?,?,?
1,?,0.007,?
1,?,?,?
1,?,?,?
1,?,?,?
1,?,?,?
1,?,?,?
1,?,?,?
1,?,?,?
1,?,?,?
1,?,?,?
1,?,?,?
1,?,?,?
1,?,?,?
1,?,?,?
1,?,?,?
1,?,?,?
1,?,?,?
1,?,?,?
1,?,?,?
1,?,?,?
1,?,0.071,?
1,?,?,?
1,?,?,?
1,?,?,?
1,?,0.004,?
1,?,?,?
1,?,?,?
1,?,?,?
1,?,?,?
1,?,?,?
1,?,?,?
1,?,?,?
1,?,?,?
1,?,0.198,?
1,?,?,?
1,?,?,?
1,?,?,?
1,?,?,?
1,?,?,?
1,?,?,?
1,?,?,?
1,?,?,?
1,?,?,?
1,?,?,?
1,?,?,?
1,?,?,?
1,?,?,?
1,?,?,?
1,?,?,?
1,?,?,?
1,?,?,?
1,?,?,?
1,?,?,?
1,?,?,?
1,?,?,?
1,?,?,?
1,?,?,?
1,?,?,?
1,?,?,?
1,?,?,?
1,?,?,?
1,?,?,?
1,?,0.003,?
1,?,?,?
1,?,?,?
1,?,?,?
1,?,?,?
1,?,?,?
1,?,?,?
1,?,?,?
1,?,?,?
1,?,?,?
1,?,?,?
1,?,?,?
1,?,?,?
1,?,?,?
1,?,?,?
1,?,?,?
1,?,?,?
1,?,?,?
1,?,?,?
1,?,?,?
1,?,?,?
1,?,?,?
1,?,?,?
1,?,?,?
1,?,?,?
1,?,?,?
1,?,?,?
1,?,?,?
1,?,?,?
1,?,?,?
1,?,?,?
1,?,?,?
1,?,?,?
1,?,?,?
1,?,?,?
1,?,?,?
1,?,?,?
1,?,?,?
1,?,?,?
1,?,?,?
1,?,?,?
1,?,?,?
1,?,?,?
1,?,0.042,?
1,?,0.012,?
1,?,?,?
1,?,?,?
1,?,?,?
1,?,?,?
1,?,?,?
1,?,?,?
1,?,?,?
1,?,?,?
1,?,?,?
1,?,?,?
1,?,?,?
1,?,?,?
1,?,?,?
1,?,?,?
1,?,?,?
1,?,?,?
1,?,?,?
1,?,?,?
1,?,?,?
1,?,?,?
1,?,?,?
1,?,?,?
1,?,?,?
1,?,?,?
1,?,?,?
1,?,?,?
1,?,?,?
1,?,?,?
1,?,?,?
1,?,?,?
1,?,?,?
1,?,?,?
1,?,?,?
1,?,?,?
1,?,?,?
1,?,?,?
1,?,?,?
1,?,?,?
1,?,?,?
1,?,?,?
1,?,?,?
1,?,0.018,?
1,?,?,?
1,?,?,?
1,?,0.598,?
1,?,?,?
1,?,?,?
1,?,?,?
1,?,?,?
1,?,?,?
1,?,?,?
1,?,?,?
1,?,?,?
1,?,?,?
1,?,?,?
1,?,?,?
1,?,?,?
1,?,?,?
1,?,?,?
1,?,?,?
1,?,?,?
1,?,?,?
1,?,?,?
1,?,?,?
1,?,?,?
1,?,?,?
1,?,?,?
1,?,?,?
1,?,?,?
1,?,?,?
1,?,0.002,?
1,?,?,?
1,?,?,?
1,?,?,?
1,?,?,?
1,?,0.067,?
1,?,?,?
1,?,?,?
1,?,?,?
1,?,0.032,?
1,?,?,?
1,?,?,?
1,?,?,?
1,?,?,?
1,?,0.002,?
1,?,?,?
1,?,?,?
1,?,?,?
1,?,?,?
1,?,?,?
1,?,?,?
1,?,?,?
1,?,?,?
1,?,?,?
1,?,?,?
1,?,0.071,?
1,?,?,?
1,?,?,?
1,?,?,?
1,?,?,?
1,?,?,?
1,?,?,?
1,?,?,?
1,?,0.021,?
1,?,?,?
1,?,?,?
1,?,?,?
1,?,?,?
1,?,?,?
1,?,?,?
1,?,?,?
1,?,?,?
1,?,?,?
1,?,?,?
1,?,?,?
1,?,?,?
1,?,?,?
1,?,?,?
1,?,?,?
1,?,?,?
1,?,?,?
1,?,?,?
1,?,?,?
1,?,?,?
1,?,?,?
1,?,?,?
1,?,?,?
1,?,?,?
1,?,?,?
1,?,?,?
1,?,?,?
1,?,?,?
1,?,?,?
1,?,?,?
1,?,?,?
1,?,?,?
1,?,?,?
1,?,?,?
1,?,?,?
1,?,?,?
1,?,?,?
1,?,?,?
1,?,?,?
1,?,?,?
1,?,?,?
1,?,?,?
1,?,?,?
1,?,?,?
1,?,?,?
1,?,?,?
1,?,?,?
1,?,?,?
1,?,?,?
1,?,?,?
1,?,?,?
1,?,0.013,?
1,?,?,?
1,?,?,?
1,?,?,?
1,?,?,?
1,?,?,?
1,?,?,?
1,?,?,?
1,?,?,?
1,?,0.044,?
1,?,?,?
1,?,?,?
1,?,?,?
1,?,?,?
1,?,?,?
1,?,?,?
1,?,?,?
1,?,?,?
1,?,?,?
1,?,?,?
1,?,?,?
1,?,0.002,?
1,?,?,?
1,?,?,?
1,?,?,?
1,?,?,?
1,?,0.004,?
1,?,?,?
1,?,?,?
1,?,?,?
1,?,?,?
1,?,?,?
1,?,0.125,?
1,?,?,?
1,?,?,?
1,?,?,?
1,?,?,?
1,?,?,?
1,?,?,?
1,?,0.008,?
1,?,?,?
1,?,?,?
1,?,?,?
1,?,?,?
1,?,?,?
1,?,?,?
1,?,?,?
1,?,?,?
1,?,?,?
1,?,?,?
1,?,?,?
1,?,?,?
1,?,?,?
1,?,?,?
1,?,?,?
1,?,0.012,?
1,?,?,?
1,?,?,?
1,?,?,?
1,?,?,?
1,?,?,?
1,?,0.2,?
1,?,?,?
1,?,?,?
1,?,?,?
1,?,?,?
1,?,?,?
1,?,?,?
1,?,?,?
1,?,?,?
1,?,?,?
1,?,?,?
1,?,?,?
1,?,?,?
1,?,?,?
1,?,?,?
1,?,?,?
1,?,?,?
1,?,?,?
1,?,?,?
1,?,?,?
1,?,?,?
1,?,?,?
1,?,?,?
1,?,?,?
1,?,?,?
1,?,?,?
1,?,?,?
1,?,?,?
1,?,?,?
1,?,?,?
1,?,?,?
1,?,?,?
1,?,0.007,?
1,?,?,?
1,?,?,?
1,?,?,?
1,?,?,?
1,?,?,?
1,?,?,?
1,?,?,?
1,?,?,?
1,?,0.017,?
1,?,?,?
1,?,?,?
1,?,?,?
1,?,?,?
1,?,?,?
1,?,?,?
1,?,?,?
1,?,?,?
1,?,0.043,?
1,?,?,?
1,?,?,?
1,?,?,?
1,?,?,?
1,?,?,?
1,?,?,?
1,?,?,?
1,?,?,?
1,?,?,?
1,?,?,?
1,?,?,?
1,?,?,?
1,?,?,?
1,?,?,?
1,?,?,?
1,?,?,?
1,?,?,?
1,?,?,?
1,?,?,?
1,?,?,?
1,?,?,?
1,?,?,?
1,?,?,?
1,?,?,?
1,?,?,?
1,?,?,?
1,?,0.125,?
1,?,?,?
1,?,0.007,?
1,?,?,?
1,?,0.191,?
1,?,?,?
1,?,0.063,?
1,?,?,?
1,?,?,?
1,?,?,?
1,?,?,?
1,?,?,?
1,?,?,?
1,?,?,?
1,?,?,?
1,?,?,?
1,?,?,?
1,?,?,?
1,?,?,?
1,?,?,?
1,?,?,?
1,?,?,?
1,?,?,?
1,?,?,?
1,?,?,?
1,?,?,?
1,?,?,?
1,?,?,?
1,?,?,?
1,?,?,?
1,?,?,?
1,?,?,?
1,?,?,?
1,?,?,?
1,?,?,?
1,?,?,?
1,?,?,?
1,?,?,?
1,?,?,?
1,?,?,?
1,?,?,?
1,?,0.5,?
1,?,0.06,?
1,?,?,?
1,?,?,?
1,?,?,?
1,?,?,?
1,?,?,?
1,?,?,?
1,?,?,?
1,?,?,?
1,?,?,?
1,?,0.04,?
1,?,?,?
1,?,?,?
1,?,?,?
1,?,?,?
1,?,?,?
1,?,?,?
1,?,?,?
1,?,?,?
1,?,?,?
1,?,?,?
1,?,?,?
1,?,?,?
1,?,?,?
1,?,?,?
1,?,?,?
1,?,?,?
1,?,?,?
1,?,0.042,?
1,?,?,?
1,?,?,?
1,?,?,?
1,?,?,?
1,?,?,?
1,?,?,?
1,?,0.077,?
1,?,?,?
1,?,?,?
1,?,?,?
1,?,?,?
1,?,?,?
1,?,?,?
1,?,?,?
1,?,?,?
1,?,?,?
1,?,?,?
1,?,?,?
1,?,?,?
1,?,?,?
1,?,?,?
1,?,?,?
1,?,?,?
1,?,?,?
1,?,?,?
1,?,?,?
1,?,?,?
1,?,?,?
1,?,?,?
1,?,?,?
1,?,?,?
1,?,?,?
1,?,?,?
1,?,?,?
1,?,?,?
1,?,?,?
1,?,?,?
1,?,?,?
1,?,?,?
1,?,?,?
1,?,?,?
1,?,?,?
1,?,?,?
1,?,?,?
1,?,?,?
1,?,?,?
1,?,?,?
1,?,?,?
1,?,?,?
1,?,?,?
1,?,?,?
1,?,?,?
1,?,0.063,?
1,?,?,?
1,?,?,?
1,?,?,?
1,?,?,?
1,?,?,?
1,?,?,?
1,?,?,?
1,?,?,?
1,?,?,?
1,?,?,?
1,?,?,?
1,?,?,?
1,?,?,?
1,?,?,?
1,?,?,?
1,?,?,?
1,?,?,?
1,?,?,?
1,?,?,?
1,?,?,?
1,?,?,?
1,?,?,?
1,?,?,?
1,?,?,?
1,?,?,?
1,?,?,?
1,?,?,?
1,?,?,?
1,?,?,?
1,?,?,?
1,?,?,?
1,?,?,?
1,?,?,?
1,?,?,?
1,?,?,?
1,?,?,?
1,?,?,?
1,?,?,?
1,?,?,?
1,?,?,?
1,?,?,?
1,?,?,?
1,?,?,?
1,?,?,?
1,?,?,?
1,?,?,?
1,?,?,?
1,?,?,?
1,?,0.75,?
1,?,?,?
1,?,?,?
1,?,?,?
1,?,?,?
1,?,0.01,?
1,?,0.004,?
1,?,?,?
1,?,?,?
1,?,?,?
1,?,?,?
1,?,0.015,?
1,?,?,?
1,?,?,?
1,?,?,?
1,?,?,?
1,?,?,?
1,?,?,?
1,?,?,?
1,?,?,?
1,?,?,?
1,?,?,?
1,?,?,?
1,?,?,?
1,?,?,?
1,?,?,?
1,?,?,?
1,?,?,?
1,?,?,?
1,?,?,?
1,?,?,?
1,?,?,?
1,?,?,?
1,?,?,?
1,?,?,?
1,?,?,?
1,?,?,?
1,?,?,?
1,?,?,?
1,?,?,?
1,?,?,?
1,?,?,?
1,?,?,?
1,?,?,?
1,?,?,?
1,?,?,?
1,?,?,?
1,?,?,?
1,?,?,?
1,?,?,?
1,?,?,?
1,?,?,?
1,?,?,?
1,?,?,?
1,?,?,?
1,?,?,?
1,?,?,?
1,?,?,?
1,?,?,?
1,?,?,?
1,?,?,?
1,?,?,?
1,?,0.007,?
1,?,?,?
1,?,?,?
1,?,?,?
1,?,?,?
1,?,?,?
1,?,?,?
1,?,0.059,?
1,?,?,?
1,?,?,?
1,?,?,?
1,?,?,?
1,?,0.059,?
1,?,?,?
1,?,?,?
1,?,?,?
1,?,?,?
1,?,?,?
1,?,?,?
1,?,?,?
1,?,?,?
1,?,?,?
1,?,?,?
1,?,?,?
1,?,?,?
1,?,?,?
1,?,?,?
1,?,?,?
1,?,?,?
1,?,?,?
1,?,?,?
1,?,?,?
1,?,?,?
1,?,?,?
1,?,?,?
1,?,?,?
1,?,?,?
1,?,?,?
1,?,?,?
1,?,?,?
1,?,?,?
1,?,?,?
1,?,?,?
1,?,?,?
1,?,?,?
1,?,?,?
1,?,?,?
1,?,?,?
1,?,0.067,?
1,?,?,?
1,?,?,?
1,?,?,?
1,?,?,?
1,?,?,?
1,?,?,?
1,?,?,?
1,?,?,?
1,?,?,?
1,?,?,?
1,?,?,?
1,?,?,?
1,?,?,?
1,?,?,?
1,?,?,?
1,?,?,?
1,?,?,?
1,?,?,?
1,?,?,?
1,?,0.077,?
1,?,?,?
1,?,?,?
1,?,0.449,?
1,?,?,?
1,?,?,?
1,?,?,?
1,?,?,?
1,?,?,?
1,?,0.067,?
1,?,?,?
1,?,?,?
1,?,?,?
1,?,?,?
1,?,?,?
1,?,?,?
1,?,0.033,?
1,?,?,?
1,?,?,?
1,?,0.059,?
1,?,?,?
1,?,?,?
1,?,?,?
1,?,?,?
1,?,?,?
1,?,?,?
1,?,?,?
1,?,?,?
1,?,?,?
1,?,?,?
1,?,?,?
1,?,?,?
1,?,?,?
1,?,?,?
1,?,?,?
1,?,?,?
1,?,?,?
1,?,?,?
1,?,?,?
1,?,?,?
1,?,?,?
1,?,?,?
1,?,0.007,?
1,?,?,?
1,?,?,?
1,?,?,?
1,?,?,?
1,?,?,?
1,?,0.067,?
1,?,?,?
1,?,?,?
1,?,?,?
1,?,0.2,?
1,?,?,?
1,?,?,?
1,?,?,?
1,?,?,?
1,?,?,?
1,?,0.034,?
1,?,?,?
1,?,?,?
1,?,?,?
1,?,?,?
1,?,?,?
1,?,?,?
1,?,0.111,?
1,?,?,?
1,?,?,?
1,?,?,?
1,?,?,?
1,?,?,?
1,?,?,?
1,?,?,?
1,?,?,?
1,?,?,?
1,?,?,?
1,?,?,?
1,?,?,?
1,?,?,?
1,?,?,?
1,?,?,?
1,?,?,?
1,?,?,?
1,?,?,?
1,?,?,?
1,?,?,?
1,?,?,?
1,?,?,?
1,?,?,?
1,?,?,?
1,?,?,?
1,?,?,?
1,?,0.01,?
1,?,?,?
1,?,?,?
1,?,?,?
1,?,?,?
1,?,?,?
1,?,?,?
1,?,?,?
1,?,?,?
1,?,?,?
1,?,?,?
1,?,?,?
1,?,?,?
1,?,?,?
1,?,0.067,?
1,?,?,?
1,?,?,?
1,?,?,?
1,?,?,?
1,?,?,?
1,?,?,?
1,?,0.006,?
1,?,?,?
1,?,?,?
1,?,?,?
1,?,?,?
1,?,?,?
1,?,?,?
1,?,?,?
1,?,?,?
1,?,0.091,?
1,?,?,?
1,?,?,?
1,?,?,?
1,?,?,?
1,?,?,?
1,?,0.006,?
1,?,?,?
1,?,?,?
1,?,?,?
1,?,?,?
1,?,?,?
1,?,?,?
1,?,?,?
1,?,?,?
1,?,?,?
1,?,?,?
1,?,0.006,?
1,?,?,?
1,?,?,?
1,?,?,?
1,?,?,?
1,?,?,?
1,?,?,?
1,?,?,?
1,?,0.006,?
1,?,?,?
1,?,?,?
1,?,0.002,?
1,?,?,?
1,?,?,?
1,?,?,?
1,?,?,?
1,?,?,?
1,?,?,?
1,?,?,?
1,?,?,?
1,?,0.009,?
1,?,?,?
1,?,?,?
1,?,0.111,?
1,?,?,?
1,?,?,?
1,?,?,?
1,?,?,?
1,?,?,?
1,?,0.036,?
1,?,1,?
1,?,?,?
1,?,0.049,?
1,?,?,?
1,?,?,?
1,?,0.01,?
1,?,?,?
1,?,?,?
1,?,?,?
1,?,?,?
1,?,?,?
1,?,?,?
1,?,?,?
1,?,?,?
1,?,?,?
1,?,?,?
1,?,?,?
1,?,?,?
1,?,?,?
1,?,?,?
1,?,?,?
1,?,?,?
1,?,?,?
1,?,1,?
1,?,0.067,?
1,?,?,?
1,?,0.5,?
1,?,?,?
1,?,?,?
1,?,?,?
1,?,?,?
1,?,?,?
1,?,?,?
1,?,?,?
1,?,?,?
1,?,?,?
1,?,?,?
1,?,?,?
1,?,0.071,?
1,?,0.065,?
1,?,?,?
1,?,?,?
1,?,?,?
1,?,?,?
1,?,?,?
1,?,0.1,?
1,?,?,?
1,?,?,?
1,?,?,?
1,?,?,?
1,?,?,?
1,?,0.019,?
1,?,?,?
1,?,?,?
1,?,?,?
1,?,?,?
1,?,?,?
1,?,?,?
1,?,?,?
1,?,?,?
1,?,?,?
1,?,?,?
1,?,?,?
1,?,?,?
1,?,?,?
1,?,?,?
1,?,?,?
1,?,?,?
1,?,?,?
1,?,?,?
1,?,?,?
1,?,?,?
1,?,?,?
1,?,?,?
1,?,?,?
1,?,?,?
1,?,?,?
1,?,?,?
1,?,0.017,?
1,?,?,?
1,?,?,?
1,?,?,?
1,?,?,?
1,?,?,?
1,?,?,?
1,?,?,?
1,?,?,?
1,?,?,?
1,?,?,?
1,?,?,?
1,?,0.034,?
1,?,?,?
1,?,?,?
1,?,?,?
1,?,?,?
1,?,?,?
1,?,?,?
1,?,?,?
1,?,?,?
1,?,?,?
1,?,?,?
1,?,?,?
1,?,?,?
1,?,?,?
1,?,?,?
1,?,?,?
1,?,?,?
1,?,?,?
1,?,?,?
1,?,0.042,?
1,?,?,?
1,?,?,?
1,?,?,?
1,?,?,?
1,?,?,?
1,?,?,?
1,?,?,?
1,?,?,?
1,?,0.143,?
1,?,?,?
1,?,?,?
1,?,?,?
1,?,?,?
1,?,?,?
1,?,?,?
1,?,?,?
1,?,0.034,?
1,?,?,?
1,?,?,?
1,?,?,?
1,?,?,?
1,?,?,?
1,?,?,?
1,?,?,?
1,?,?,?
1,?,?,?
1,?,?,?
1,?,?,?
1,?,0.077,?
1,?,0.025,?
1,?,?,?
1,?,?,?
1,?,?,?
1,?,?,?
1,?,?,?
1,?,?,?
1,?,?,?
1,?,?,?
1,?,?,?
1,?,?,?
1,?,?,?
1,?,?,?
1,?,?,?
1,?,?,?
1,?,?,?
1,?,?,?
1,?,?,?
1,?,?,?
1,?,?,?
1,?,?,?
1,?,?,?
1,?,?,?
1,?,?,?
1,?,?,?
1,?,?,?
1,?,?,?
1,?,?,?
1,?,?,?
1,?,0.039,?
1,?,?,?
1,?,?,?
1,?,?,?
1,?,?,?
1,?,0.067,?
1,?,?,?
1,?,?,?
1,?,?,?
1,?,0.027,?
1,?,?,?
1,?,?,?
1,?,?,?
1,?,?,?
1,?,0.374,?
1,?,?,?
1,?,?,?
1,?,?,?
1,?,?,?
1,?,?,?
1,?,?,?
1,?,?,?
1,?,?,?
1,?,?,?
1,?,0.238,?
1,?,?,?
1,?,0.071,?
1,?,?,?
1,?,?,?
1,?,?,?
1,?,?,?
1,?,?,?
1,?,?,?
1,?,?,?
1,?,?,?
1,?,?,?
1,?,?,?
1,?,?,?
1,?,?,?
1,?,?,?
1,?,0.019,?
1,?,?,?
1,?,?,?
1,?,?,?
1,?,?,?
1,?,?,?
1,?,?,?
1,?,?,?
1,?,?,?
1,?,?,?
1,?,0.029,?
1,?,0.002,?
1,?,?,?
1,?,?,?
1,?,?,?
1,?,?,?
1,?,?,?
1,?,?,?
1,?,0.067,?
1,?,?,?
1,?,?,?
1,?,?,?
1,?,?,?
1,?,?,?
1,?,?,?
1,?,?,?
1,?,?,?
1,?,?,?
1,?,?,?
1,?,?,?
1,?,?,?
1,?,?,?
1,?,?,?
1,?,?,?
1,?,?,?
1,?,?,?
1,?,?,?
1,?,?,?
1,?,?,?
1,?,?,?
1,?,?,?
1,?,?,?
1,?,?,?
1,?,?,?
1,?,?,?
1,?,0.036,?
1,?,?,?
1,?,?,?
1,?,?,?
1,?,?,?
1,?,?,?
1,?,?,?
1,?,?,?
1,?,?,?
1,?,?,?
1,?,?,?
1,?,?,?
1,?,?,?
1,?,?,?
1,?,?,?
1,?,?,?
1,?,?,?
1,?,?,?
1,?,?,?
1,?,?,?
1,?,?,?
1,?,?,?
1,?,?,?
1,?,?,?
1,?,?,?
1,?,?,?
1,?,?,?
1,?,?,?
1,?,?,?
1,?,?,?
1,?,?,?
1,?,?,?
1,?,?,?
1,?,?,?
1,?,?,?
1,?,?,?
1,?,?,?
1,?,?,?
1,?,?,?
1,?,?,?
1,?,?,?
1,?,0.071,?
1,?,?,?
1,?,?,?
1,?,?,?
1,?,?,?
1,?,?,?
1,?,?,?
1,?,?,?
1,?,?,?
1,?,?,?
1,?,0.898,?
1,?,?,?
1,?,?,?
1,?,?,?
1,?,?,?
1,?,?,?
1,?,?,?
1,?,?,?
1,?,?,?
1,?,?,?
1,?,?,?
1,?,?,?
1,?,?,?
1,?,?,?
1,?,?,?
1,?,?,?
1,?,?,?
1,?,?,?
1,?,?,?
1,?,?,?
1,?,0.049,?
1,?,?,?
1,?,?,?
1,?,?,?
1,?,?,?
1,?,?,?
1,?,?,?
1,?,?,?
1,?,?,?
1,?,?,?
1,?,?,?
1,?,1,?
1,?,?,?
1,?,?,?
1,?,?,?
1,?,?,?
1,?,?,?
1,?,?,?
1,?,?,?
1,?,?,?
1,?,0.059,?
1,?,?,?
1,?,0.1,?
1,?,?,?
1,?,?,?
1,?,?,?
1,?,0.125,?
1,?,?,?
1,?,?,?
1,?,?,?
1,?,?,?
1,?,0.036,?
1,?,?,?
1,?,?,?
1,?,?,?
1,?,?,?
1,?,?,?
1,?,?,?
1,?,?,?
1,?,?,?
1,?,?,?
1,?,?,?
1,?,?,?
1,?,?,?
1,?,?,?
1,?,?,?
1,?,?,?
1,?,?,?
1,?,?,?
1,?,0.02,?
1,?,?,?
1,?,?,?
1,?,?,?
1,?,?,?
1,?,?,?
1,?,?,?
1,?,?,?
1,?,0.25,?
1,?,?,?
1,?,?,?
1,?,?,?
1,?,?,?
1,?,?,?
1,?,?,?
1,?,?,?
1,?,?,?
1,?,?,?
1,?,?,?
1,?,?,?
1,?,?,?
1,?,?,?
1,?,?,?
1,?,?,?
1,?,?,?
1,?,?,?
1,?,?,?
1,?,?,?
1,?,?,?
1,?,?,?
1,?,?,?
1,?,?,?
1,?,?,?
1,?,?,?
1,?,?,?
1,?,?,?
1,?,?,?
1,?,?,?
1,?,?,?
1,?,?,?
1,?,?,?
1,?,?,?
1,?,?,?
1,?,?,?
1,?,?,?
1,?,?,?
1,?,?,?
1,?,?,?
1,?,?,?
1,?,?,?
1,?,?,?
1,?,?,?
1,?,?,?
1,?,?,?
1,?,?,?
1,?,?,?
1,?,?,?
1,?,?,?
1,?,?,?
1,?,?,?
1,?,?,?
1,?,?,?
1,?,?,?
1,?,?,?
1,?,?,?
1,?,?,?
1,?,?,?
1,?,?,?
1,?,?,?
1,?,?,?
1,?,?,?
1,?,?,?
1,?,?,?
1,?,?,?
1,?,?,?
1,?,0.067,?
1,?,?,?
1,?,?,?
1,?,0.5,?
1,?,?,?
1,?,?,?
1,?,?,?
1,?,?,?
1,?,?,?
1,?,?,?
1,?,?,?
1,?,?,?
1,?,?,?
1,?,?,?
1,?,?,?
1,?,?,?
1,?,?,?
1,?,?,?
1,?,?,?
1,?,?,?
1,?,?,?
1,?,0.083,?
1,?,?,?
1,?,?,?
1,?,?,?
1,?,?,?
1,?,?,?
1,?,?,?
1,?,?,?
1,?,?,?
1,?,?,?
1,?,?,?
1,?,?,?
1,?,?,?
1,?,?,?
1,?,?,?
1,?,?,?
1,?,?,?
1,?,?,?
1,?,0.25,?
1,?,?,?
1,?,?,?
1,?,?,?
1,?,?,?
1,?,?,?
1,?,?,?
1,?,?,?
1,?,?,?
1,?,?,?
1,?,?,?
1,?,?,?
1,?,?,?
1,?,?,?
1,?,?,?
1,?,?,?
1,?,0.091,?
1,?,0.082,?
1,?,?,?
1,?,?,?
1,?,?,?
1,?,?,?
1,?,?,?
1,?,?,?
1,?,?,?
1,?,0.059,?
1,?,?,?
1,?,?,?
1,?,?,?
1,?,0.042,?
1,?,?,?
1,?,?,?
1,?,?,?
1,?,?,?
1,?,?,?
1,?,?,?
1,?,0.042,?
1,?,?,?
1,?,?,?
1,?,?,?
1,?,?,?
1,?,?,?
1,?,?,?
1,?,?,?
1,?,?,?
1,?,?,?
1,?,?,?
1,?,?,?
1,?,?,?
1,?,0.042,?
1,?,0.034,?
1,?,?,?
1,?,?,?
1,?,?,?
1,?,?,?
1,?,?,?
1,?,0.022,?
1,?,0.023,?
1,?,?,?
1,?,0.059,?
1,?,0.143,?
1,?,?,?
1,?,?,?
1,?,?,?
1,?,?,?
1,?,?,?
1,?,?,?
1,?,?,?
1,?,?,?
1,?,?,?
1,?,?,?
1,?,?,?
1,?,?,?
1,?,?,?
1,?,?,?
1,?,?,?
1,?,?,?
1,?,?,?
1,?,?,?
1,?,?,?
1,?,?,?
1,?,?,?
1,?,?,?
1,?,?,?
1,?,?,?
1,?,?,?
1,?,?,?
1,?,?,?
1,?,?,?
1,?,?,?
1,?,?,?
1,?,?,?
1,?,?,?
1,?,?,?
1,?,?,?
1,?,?,?
1,?,?,?
1,?,?,?
1,?,?,?
1,?,?,?
1,?,?,?
1,?,?,?
1,?,?,?
1,?,?,?
1,?,?,?
1,?,?,?
1,?,?,?
1,?,?,?
1,?,?,?
1,?,?,?
1,?,0.098,?
1,?,?,?
1,?,?,?
1,?,?,?
1,?,?,?
1,?,?,?
1,?,?,?
1,?,?,?
1,?,?,?
1,?,?,?
1,?,?,?
1,?,?,?
1,?,?,?
1,?,?,?
1,?,?,?
1,?,?,?
1,?,?,?
1,?,?,?
1,?,?,?
1,?,?,?
1,?,?,?
1,?,?,?
1,?,?,?
1,?,?,?
1,?,?,?
1,?,?,?
1,?,?,?
1,?,?,?
1,?,?,?
1,?,0.007,?
1,?,?,?
1,?,?,?
1,?,?,?
1,?,?,?
1,?,?,?
1,?,?,?
1,?,?,?
1,?,?,?
1,?,?,?
1,?,?,?
1,?,?,?
1,?,?,?
1,?,?,?
1,?,?,?
1,?,?,?
1,?,?,?
1,?,?,?
1,?,?,?
1,?,?,?
1,?,?,?
1,?,?,?
1,?,?,?
1,?,?,?
1,?,?,?
1,?,?,?
1,?,0.015,?
1,?,?,?
1,?,?,?
1,?,?,?
1,?,?,?
1,?,?,?
1,?,?,?
1,?,?,?
1,?,?,?
1,?,?,?
1,?,?,?
1,?,?,?
1,?,?,?
1,?,?,?
1,?,?,?
1,?,?,?
1,?,0.748,?
1,?,?,?
1,?,?,?
1,?,?,?
1,?,?,?
1,?,?,?
1,?,?,?
1,?,?,?
1,?,?,?
1,?,0.2,?
1,?,?,?
1,?,?,?
1,?,?,?
1,?,0.031,?
1,?,?,?
1,?,?,?
1,?,?,?
1,?,?,?
1,?,?,?
1,?,?,?
1,?,?,?
1,?,?,?
1,?,?,?
1,?,?,?
1,?,?,?
1,?,?,?
1,?,?,?
1,?,?,?
1,?,?,?
1,?,?,?
1,?,?,?
1,?,0.167,?
1,?,?,?
1,?,?,?
1,?,?,?
1,?,?,?
1,?,0.023,?
1,?,?,?
1,?,0.022,?
1,?,?,?
1,?,?,?
1,?,?,?
1,?,?,?
1,?,?,?
1,?,?,?
1,?,?,?
1,?,?,?
1,?,?,?
1,?,?,?
1,?,?,?
1,?,?,?
1,?,?,?
1,?,?,?
1,?,?,?
1,?,0.083,?
1,?,0.017,?
1,?,?,?
1,?,0.059,?
1,?,?,?
1,?,0.143,?
1,?,?,?
1,?,?,?
1,?,?,?
1,?,?,?
1,?,?,?
1,?,0.006,?
1,?,?,?
1,?,?,?
1,?,?,?
1,?,?,?
1,?,?,?
1,?,?,?
1,?,?,?
1,?,?,?
1,?,?,?
1,?,?,?
1,?,?,?
1,?,?,?
1,?,?,?
1,?,?,?
1,?,?,?
1,?,0.125,?
1,?,?,?
1,?,?,?
1,?,?,?
1,?,?,?
1,?,0.002,?
1,?,?,?
1,?,?,?
1,?,0.1,?
1,?,?,?
1,?,?,?
1,?,?,?
1,?,?,?
1,?,?,?
1,?,?,?
1,?,0.05,?
1,?,?,?
1,?,?,?
1,?,?,?
1,?,?,?
1,?,?,?
1,?,?,?
1,?,?,?
1,?,?,?
1,?,?,?
1,?,?,?
1,?,?,?
1,?,?,?
1,?,?,?
1,?,?,?
1,?,?,?
1,?,0.143,?
1,?,?,?
1,?,?,?
1,?,?,?
1,?,?,?
1,?,?,?
1,?,?,?
1,?,?,?
1,?,0.071,?
1,?,?,?
1,?,?,?
1,?,?,?
1,?,?,?
1,?,?,?
1,?,?,?
1,?,?,?
1,?,?,?
1,?,?,?
1,?,?,?
1,?,?,?
1,?,?,?
1,?,?,?
1,?,0.006,?
1,?,?,?
1,?,?,?
1,?,?,?
1,?,?,?
1,?,?,?
1,?,?,?
1,?,?,?
1,?,?,?
1,?,?,?
1,?,0.013,?
1,?,?,?
1,?,?,?
1,?,?,?
1,?,?,?
1,?,?,?
1,?,?,?
1,?,?,?
1,?,?,?
1,?,?,?
1,?,0.006,?
1,?,?,?
1,?,?,?
1,?,?,?
1,?,?,?
1,?,?,?
1,?,?,?
1,?,?,?
1,?,?,?
1,?,?,?
1,?,?,?
1,?,?,?
1,?,?,?
1,?,?,?
1,?,?,?
1,?,0.006,?
1,?,?,?
1,?,?,?
1,?,?,?
1,?,?,?
1,?,?,?
1,?,?,?
1,?,?,?
1,?,?,?
1,?,?,?
1,?,?,?
1,?,?,?
1,?,?,?
1,?,?,?
1,?,?,?
1,?,?,?
1,?,?,?
1,?,?,?
1,?,?,?
1,?,?,?
1,?,0.037,?
1,?,?,?
1,?,?,?
1,?,?,?
1,?,?,?
1,?,?,?
1,?,?,?
1,?,0.059,?
1,?,?,?
1,?,0.006,?
1,?,?,?
1,?,0.333,?
1,?,?,?
1,?,?,?
1,?,?,?
1,?,?,?
1,?,0.067,?
1,?,?,?
1,?,0.059,?
1,?,0.167,?
1,?,?,?
1,?,?,?
1,?,?,?
1,?,?,?
1,?,?,?
1,?,?,?
1,?,?,?
1,?,0.006,?
1,?,?,?
1,?,?,?
1,?,?,?
1,?,?,?
1,?,?,?
1,?,?,?
1,?,?,?
1,?,0.033,?
1,?,?,?
1,?,?,?
1,?,?,?
1,?,?,?
1,?,?,?
1,?,?,?
1,?,?,?
1,?,?,?
1,?,0.005,?
1,?,?,?
1,?,?,?
1,?,?,?
1,?,?,?
1,?,?,?
1,?,?,?
1,?,?,?
1,?,?,?
1,?,?,?
1,?,?,?
1,?,?,?
1,?,?,?
1,?,?,?
1,?,?,?
1,?,0.053,?
1,?,?,?
1,?,?,?
1,?,?,?
1,?,?,?
1,?,?,?
1,?,?,?
1,?,?,?
1,?,?,?
1,?,?,?
1,?,?,?
1,?,?,?
1,?,?,?
1,?,?,?
1,?,?,?
1,?,0.007,?
1,?,?,?
1,?,?,?
1,?,?,?
1,?,?,?
1,?,?,?
1,?,?,?
1,?,?,?
1,?,?,?
1,?,?,?
1,?,?,?
1,?,0.063,?
1,?,?,?
1,?,?,?
1,?,?,?
1,?,?,?
1,?,?,?
1,?,?,?
1,?,0.167,?
1,?,?,?
1,?,?,?
1,?,?,?
1,?,?,?
1,?,?,?
1,?,?,?
1,?,?,?
1,?,?,?
1,?,?,?
1,?,?,?
1,?,?,?
1,?,?,?
1,?,?,?
1,?,0.006,?
1,?,0.02,?
1,?,0.5,?
1,?,0.071,?
1,?,?,?
1,?,?,?
1,?,?,?
1,?,?,?
1,?,?,?
1,?,?,?
1,?,?,?
1,?,?,?
1,?,?,?
1,?,?,?
1,?,?,?
1,?,0.002,?
1,?,?,?
1,?,?,?
1,?,?,?
1,?,?,?
1,?,?,?
1,?,?,?
1,?,?,?
1,?,?,?
1,?,?,?
1,?,?,?
1,?,0.007,?
1,?,?,?
1,?,?,?
1,?,?,?
1,?,?,?
1,?,?,?
1,?,?,?
1,?,?,?
1,?,?,?
1,?,?,?
1,?,?,?
1,?,?,?
1,?,0.067,?
1,?,?,?
1,?,?,?
1,?,?,?
1,?,?,?
1,?,0.002,?
1,?,?,?
1,?,?,?
1,?,?,?
1,?,?,?
1,?,?,?
1,?,0.063,?
1,?,?,?
1,?,?,?
1,?,?,?
1,?,?,?
1,?,?,?
1,?,?,?
1,?,?,?
1,?,?,?
1,?,0.045,?
1,?,?,?
1,?,?,?
1,?,?,?
1,?,?,?
1,?,?,?
1,?,0.089,?
1,?,?,?
1,?,?,?
1,?,?,?
1,?,?,?
1,?,0.013,?
1,?,?,?
1,?,?,?
1,?,?,?
1,?,?,?
1,?,?,?
1,?,?,?
1,?,?,?
1,?,?,?
1,?,?,?
1,?,?,?
1,?,?,?
1,?,?,?
1,?,?,?
1,?,0.25,?
1,?,?,?
1,?,?,?
1,?,?,?
1,?,?,?
1,?,?,?
1,?,?,?
1,?,?,?
1,?,?,?
1,?,?,?
1,?,?,?
1,?,?,?
1,?,?,?
1,?,?,?
1,?,0.022,?
1,?,?,?
1,?,?,?
1,?,?,?
1,?,?,?
1,?,?,?
1,?,?,?
1,?,?,?
1,?,?,?
1,?,0.143,?
1,?,?,?
1,?,?,?
1,?,?,?
1,?,?,?
1,?,?,?
1,?,?,?
1,?,?,?
1,?,0.063,?
1,?,?,?
1,?,?,?
1,?,?,?
1,?,0.295,?
1,?,?,?
1,?,?,?
1,?,?,?
1,?,?,?
1,?,?,?
1,?,0.056,?
1,?,?,?
1,?,?,?
1,?,?,?
1,?,?,?
1,?,?,?
1,?,?,?
1,?,?,?
1,?,?,?
1,?,?,?
1,?,?,?
1,?,?,?
1,?,?,?
1,?,?,?
1,?,?,?
1,?,?,?
1,?,?,?
1,?,?,?
1,?,?,?
1,?,?,?
1,?,?,?
1,?,?,?
1,?,?,?
1,?,?,?
1,?,?,?
1,?,?,?
1,?,?,?
1,?,?,?
1,?,?,?
1,?,?,?
1,?,?,?
1,?,?,?
1,?,?,?
1,?,?,?
1,?,?,?
1,?,0.102,?
1,?,?,?
1,?,?,?
1,?,0.071,?
1,?,?,?
1,?,?,?
1,?,?,?
1,?,?,?
1,?,?,?
1,?,?,?
1,?,?,?
1,?,?,?
1,?,?,?
1,?,?,?
1,?,?,?
1,?,?,?
1,?,?,?
1,?,?,?
1,?,?,?
1,?,?,?
1,?,?,?
1,?,?,?
1,?,?,?
1,?,?,?
1,?,?,?
1,?,?,?
1,?,?,?
1,?,?,?
1,?,?,?
1,?,?,?
1,?,?,?
1,?,0.084,?
1,?,?,?
1,?,?,?
1,?,?,?
1,?,?,?
1,?,?,?
1,?,?,?
1,?,?,?
1,?,?,?
1,?,?,?
1,?,?,?
1,?,?,?
1,?,?,?
1,?,?,?
1,?,?,?
1,?,?,?
1,?,?,?
1,?,?,?
1,?,?,?
1,?,?,?
1,?,?,?
1,?,0.103,?
1,?,?,?
1,?,?,?
1,?,?,?
1,?,?,?
1,?,?,?
1,?,?,?
1,?,0.007,?
1,?,?,?
1,?,?,?
1,?,?,?
1,?,?,?
1,?,?,?
1,?,?,?
1,?,?,?
1,?,0.006,?
1,?,?,?
1,?,?,?
1,?,?,?
1,?,?,?
1,?,?,?
1,?,?,?
1,?,0.02,?
1,?,?,?
1,?,?,?
1,?,?,?
1,?,?,?
1,?,?,?
1,?,?,?
1,?,?,?
1,?,?,?
1,?,?,?
1,?,?,?
1,?,?,?
1,?,?,?
1,?,?,?
1,?,?,?
1,?,?,?
1,?,?,?
1,?,?,?
1,?,?,?
1,?,?,?
1,?,?,?
1,?,?,?
1,?,?,?
1,?,?,?
1,?,?,?
1,?,?,?
1,?,0.102,?
1,?,?,?
1,?,?,?
1,?,?,?
1,?,?,?
1,?,?,?
1,?,0.02,?
1,?,?,?
1,?,0.2,?
1,?,?,?
1,?,?,?
1,?,?,?
1,?,?,?
1,?,?,?
1,?,?,?
1,?,?,?
1,?,?,?
1,?,?,?
1,?,?,?
1,?,?,?
1,?,?,?
1,?,?,?
1,?,?,?
1,?,?,?
1,?,?,?
1,?,?,?
1,?,?,?
1,?,?,?
1,?,?,?
1,?,?,?
1,?,?,?
1,?,?,?
1,?,?,?
1,?,?,?
1,?,?,?
1,?,?,?
1,?,?,?
1,?,?,?
1,?,?,?
1,?,?,?
1,?,?,?
1,?,?,?
1,?,?,?
1,?,?,?
1,?,?,?
1,?,?,?
1,?,?,?
1,?,0.02,?
1,?,?,?
1,?,?,?
1,?,?,?
1,?,?,?
1,?,?,?
1,?,?,?
1,?,?,?
1,?,?,?
1,?,?,?
1,?,?,?
1,?,?,?
1,?,?,?
1,?,?,?
1,?,?,?
1,?,?,?
1,?,?,?
1,?,?,?
1,?,?,?
1,?,?,?
1,?,?,?
1,?,?,?
1,?,?,?
1,?,?,?
1,?,?,?
1,?,?,?
1,?,?,?
1,?,?,?
1,?,?,?
1,?,?,?
1,?,?,?
1,?,?,?
1,?,?,?
1,?,?,?
1,?,?,?
1,?,0.067,?
1,?,?,?
1,?,?,?
1,?,?,?
1,?,0.029,?
1,?,?,?
1,?,?,?
1,?,?,?
1,?,?,?
1,?,?,?
1,?,?,?
1,?,?,?
1,?,0.143,?
1,?,?,?
1,?,?,?
1,?,0.1,?
1,?,?,?
1,?,?,?
1,?,?,?
1,?,?,?
1,?,0.071,?
1,?,0.067,?
1,?,?,?
1,?,?,?
1,?,?,?
1,?,?,?
1,?,?,?
1,?,?,?
1,?,?,?
1,?,?,?
1,?,?,?
1,?,?,?
1,?,?,?
1,?,?,?
1,?,?,?
1,?,?,?
1,?,?,?
1,?,?,?
1,?,?,?
1,?,?,?
1,?,?,?
1,?,?,?
1,?,?,?
1,?,?,?
1,?,?,?
1,?,?,?
1,?,?,?
1,?,?,?
1,?,?,?
1,?,?,?
1,?,?,?
1,?,?,?
1,?,?,?
1,?,?,?
1,?,?,?
1,?,?,?
1,?,?,?
1,?,?,?
1,?,?,?
1,?,?,?
1,?,?,?
1,?,?,?
1,?,?,?
1,?,?,?
1,?,?,?
1,?,?,?
1,?,?,?
1,?,?,?
1,?,?,?
1,?,?,?
1,?,?,?
1,?,?,?
1,?,0.002,?
1,?,?,?
1,?,0.007,?
1,?,?,?
1,?,?,?
1,?,?,?
1,?,0.01,?
1,?,?,?
1,?,0.005,?
1,?,?,?
1,?,?,?
1,?,?,?
1,?,?,?
1,?,?,?
1,?,?,?
1,?,0.077,?
1,?,?,?
1,?,?,?
1,?,?,?
1,?,?,?
1,?,?,?
1,?,?,?
1,?,?,?
1,?,?,?
1,?,?,?
1,?,?,?
1,?,?,?
1,?,?,?
1,?,?,?
1,?,?,?
1,?,?,?
1,?,?,?
1,?,?,?
1,?,?,?
1,?,?,?
1,?,?,?
1,?,?,?
1,?,?,?
1,?,0.071,?
1,?,?,?
1,?,?,?
1,?,?,?
1,?,?,?
1,?,?,?
1,?,?,?
1,?,?,?
1,?,?,?
1,?,?,?
1,?,?,?
1,?,?,?
1,?,?,?
1,?,?,?
1,?,?,?
1,?,?,?
1,?,?,?
1,?,?,?
1,?,?,?
1,?,?,?
1,?,?,?
1,?,?,?
1,?,?,?
1,?,0.011,?
1,?,?,?
1,?,?,?
1,?,0.007,?
1,?,?,?
1,?,?,?
1,?,?,?
1,?,?,?
1,?,?,?
1,?,?,?
1,?,?,?
1,?,?,?
1,?,?,?
1,?,0.002,?
1,?,?,?
1,?,?,?
1,?,?,?
1,?,?,?
1,?,?,?
1,?,?,?
1,?,?,?
1,?,?,?
1,?,?,?
1,?,?,?
1,?,?,?
1,?,?,?
1,?,?,?
1,?,?,?
1,?,?,?
1,?,?,?
1,?,0.111,?
1,?,?,?
1,?,0.005,?
1,?,?,?
1,?,?,?
1,?,?,?
1,?,?,?
1,?,?,?
1,?,?,?
1,?,?,?
1,?,?,?
1,?,?,?
1,?,?,?
1,?,?,?
1,?,0.008,?
1,?,?,?
1,?,?,?
1,?,?,?
1,?,?,?
1,?,?,?
1,?,?,?
1,?,?,?
1,?,?,?
1,?,0.006,?
1,?,?,?
1,?,?,?
1,?,?,?
1,?,?,?
1,?,?,?
1,?,?,?
1,?,?,?
1,?,?,?
1,?,?,?
1,?,?,?
1,?,?,?
1,?,?,?
1,?,?,?
1,?,?,?
1,?,?,?
1,?,?,?
1,?,?,?
1,?,?,?
1,?,?,?
1,?,?,?
1,?,?,?
1,?,?,?
1,?,0.143,?
1,?,?,?
1,?,?,?
1,?,?,?
1,?,?,?
1,?,?,?
1,?,?,?
1,?,?,?
1,?,0.03,?
1,?,?,?
1,?,?,?
1,?,?,?
1,?,0.007,?
1,?,?,?
1,?,?,?
1,?,?,?
1,?,?,?
1,?,?,?
1,?,?,?
1,?,?,?
1,?,?,?
1,?,?,?
1,?,?,?
1,?,0.042,?
1,?,?,?
1,?,?,?
1,?,?,?
1,?,?,?
1,?,?,?
1,?,?,?
1,?,?,?
1,?,?,?
1,?,?,?
1,?,?,?
1,?,0.013,?
1,?,?,?
1,?,?,?
1,?,?,?
1,?,?,?
1,?,?,?
1,?,?,?
1,?,0.015,?
1,?,?,?
1,?,?,?
1,?,?,?
1,?,?,?
1,?,?,?
1,?,?,?
1,?,?,?
1,?,?,?
1,?,?,?
1,?,?,?
1,?,?,?
1,?,?,?
1,?,?,?
1,?,?,?
1,?,?,?
1,?,?,?
1,?,?,?
1,?,?,?
1,?,?,?
1,?,?,?
1,?,?,?
1,?,?,?
1,?,?,?
1,?,?,?
1,?,?,?
1,?,?,?
1,?,0.017,?
1,?,?,?
1,?,?,?
1,?,?,?
1,?,?,?
1,?,?,?
1,?,?,?
1,?,?,?
1,?,?,?
1,?,?,?
1,?,?,?
1,?,0.5,?
1,?,?,?
1,?,?,?
1,?,?,?
1,?,?,?
1,?,?,?
1,?,?,?
1,?,0.2,?
1,?,?,?
1,?,?,?
1,?,?,?
1,?,?,?
1,?,?,?
1,?,?,?
1,?,?,?
1,?,?,?
1,?,?,?
1,?,?,?
1,?,?,?
1,?,?,?
1,?,0.008,?
1,?,0.167,?
1,?,?,?
1,?,?,?
1,?,?,?
1,?,?,?
1,?,?,?
1,?,?,?
1,?,?,?
1,?,?,?
1,?,0.005,?
1,?,?,?
1,?,?,?
1,?,?,?
1,?,?,?
1,?,?,?
1,?,0.016,?
1,?,?,?
1,?,?,?
1,?,?,?
1,?,?,?
1,?,?,?
1,?,?,?
1,?,?,?
1,?,?,?
1,?,?,?
1,?,?,?
1,?,?,?
1,?,?,?
1,?,?,?
1,?,?,?
1,?,?,?
1,?,?,?
1,?,0.002,?
1,?,?,?
1,?,?,?
1,?,0.031,?
1,?,?,?
1,?,?,?
1,?,?,?
1,?,?,?
1,?,?,?
1,?,?,?
1,?,?,?
1,?,?,?
1,?,?,?
1,?,?,?
1,?,?,?
1,?,?,?
1,?,?,?
1,?,?,?
1,?,?,?
1,?,?,?
1,?,0.006,?
1,?,0.011,?
1,?,0.007,?
1,?,?,?
1,?,?,?
1,?,?,?
1,?,?,?
1,?,?,?
1,?,?,?
1,?,0.02,?
1,?,?,?
1,?,?,?
1,?,?,?
1,?,?,?
1,?,?,?
1,?,?,?
1,?,?,?
1,?,?,?
1,?,?,?
1,?,?,?
1,?,?,?
1,?,?,?
1,?,?,?
1,?,?,?
1,?,?,?
1,?,?,?
1,?,?,?
1,?,?,?
1,?,?,?
1,?,?,?
1,?,?,?
1,?,?,?
1,?,?,?
1,?,0.034,?
1,?,?,?
1,?,?,?
1,?,?,?
1,?,?,?
1,?,0.032,?
1,?,?,?
1,?,?,?
1,?,?,?
1,?,?,?
1,?,?,?
1,?,?,?
1,?,?,?
1,?,?,?
1,?,?,?
1,?,0.091,?
1,?,?,?
1,?,?,?
1,?,?,?
1,?,?,?
1,?,?,?
1,?,0.125,?
1,?,?,?
1,?,?,?
1,?,?,?
1,?,?,?
1,?,?,?
1,?,?,?
1,?,?,?
1,?,?,?
1,?,?,?
1,?,?,?
1,?,?,?
1,?,?,?
1,?,?,?
1,?,0.05,?
1,?,0.02,?
1,?,?,?
1,?,?,?
1,?,?,?
1,?,?,?
1,?,?,?
1,?,?,?
1,?,?,?
1,?,?,?
1,?,?,?
1,?,?,?
1,?,?,?
1,?,?,?
1,?,?,?
1,?,?,?
1,?,?,?
1,?,?,?
1,?,?,?
1,?,?,?
1,?,?,?
1,?,?,?
1,?,?,?
1,?,0.238,?
1,?,?,?
1,?,?,?
1,?,0.024,?
1,?,?,?
1,?,?,?
1,?,?,?
1,?,?,?
1,?,?,?
1,?,?,?
1,?,?,?
1,?,?,?
1,?,?,?
1,?,?,?
1,?,?,?
1,?,?,?
1,?,?,?
1,?,?,?
1,?,?,?
1,?,?,?
1,?,?,?
1,?,?,?
1,?,?,?
1,?,?,?
1,?,?,?
1,?,?,?
1,?,?,?
1,?,?,?
1,?,?,?
1,?,?,?
1,?,0.25,?
1,?,?,?
1,?,?,?
1,?,?,?
1,?,?,?
1,?,?,?
1,?,?,?
1,?,?,?
1,?,?,?
1,?,?,?
1,?,?,?
1,?,?,?
1,?,?,?
1,?,?,?
1,?,?,?
1,?,?,?
1,?,?,?
1,?,?,?
1,?,?,?
1,?,?,?
1,?,?,?
1,?,?,?
1,?,?,?
1,?,?,?
1,?,?,?
1,?,?,?
1,?,?,?
1,?,?,?
1,?,?,?
1,?,?,?
1,?,?,?
1,?,?,?
1,?,?,?
1,?,?,?
1,?,?,?
1,?,?,?
1,?,?,?
1,?,?,?
1,?,?,?
1,?,?,?
1,?,0.018,?
1,?,?,?
1,?,0.017,?
1,?,?,?
1,?,?,?
1,?,?,?
1,?,?,?
1,?,?,?
1,?,?,?
1,?,?,?
1,?,?,?
1,?,?,?
1,?,?,?
1,?,?,?
1,?,?,?
1,?,?,?
1,?,?,?
1,?,?,?
1,?,?,?
1,?,?,?
1,?,?,?
1,?,0.01,?
1,?,?,?
1,?,?,?
1,?,?,?
1,?,?,?
1,?,?,?
1,?,?,?
1,?,?,?
1,?,?,?
1,?,0.111,?
1,?,?,?
1,?,?,?
1,?,?,?
1,?,?,?
1,?,?,?
1,?,?,?
1,?,?,?
1,?,?,?
1,?,?,?
1,?,?,?
1,?,?,?
1,?,?,?
1,?,?,?
1,?,?,?
1,?,?,?
1,?,?,?
1,?,?,?
1,?,?,?
1,?,?,?
1,?,?,?
1,?,?,?
1,?,?,?
1,?,?,?
1,?,?,?
1,?,?,?
1,?,?,?
1,?,?,?
1,?,?,?
1,?,?,?
1,?,?,?
1,?,0.006,?
1,?,?,?
1,?,?,?
1,?,?,?
1,?,0.018,?
1,?,?,?
1,?,?,?
1,?,?,?
1,?,?,?
1,?,?,?
1,?,?,?
1,?,?,?
1,?,?,?
1,?,?,?
1,?,?,?
1,?,?,?
1,?,?,?
1,?,0.1,?
1,?,0.045,?
1,?,?,?
1,?,?,?
1,?,?,?
1,?,?,?
1,?,?,?
1,?,?,?
1,?,?,?
1,?,?,?
1,?,?,?
1,?,?,?
1,?,?,?
1,?,?,?
1,?,?,?
1,?,?,?
1,?,?,?
1,?,0.167,?
1,?,?,?
1,?,?,?
1,?,?,?
1,?,?,?
1,?,?,?
1,?,?,?
1,?,?,?
1,?,0.091,?
1,?,?,?
1,?,?,?
1,?,?,?
1,?,?,?
1,?,?,?
1,?,?,?
1,?,?,?
1,?,?,?
1,?,?,?
1,?,?,?
1,?,?,?
1,?,?,?
1,?,?,?
1,?,?,?
1,?,?,?
1,?,?,?
1,?,?,?
1,?,?,?
1,?,?,?
1,?,?,?
1,?,?,?
1,?,?,?
1,?,?,?
1,?,?,?
1,?,0.5,?
1,?,?,?
1,?,0.007,?
1,?,?,?
1,?,?,?
1,?,?,?
1,?,?,?
1,?,?,?
1,?,?,?
1,?,?,?
1,?,?,?
1,?,?,?
1,?,?,?
1,?,?,?
1,?,?,?
1,?,?,?
1,?,?,?
1,?,?,?
1,?,?,?
1,?,0.008,?
1,?,0.018,?
1,?,?,?
1,?,?,?
1,?,?,?
1,?,?,?
1,?,?,?
1,?,?,?
1,?,0.167,?
1,?,?,?
1,?,?,?
1,?,?,?
1,?,?,?
1,?,?,?
1,?,?,?
1,?,?,?
1,?,?,?
1,?,?,?
1,?,?,?
1,?,?,?
1,?,?,?
1,?,?,?
1,?,?,?
1,?,?,?
1,?,?,?
1,?,?,?
1,?,?,?
1,?,?,?
1,?,?,?
1,?,?,?
1,?,?,?
1,?,?,?
1,?,?,?
1,?,?,?
1,?,?,?
1,?,?,?
1,?,0.022,?
1,?,?,?
1,?,?,?
1,?,?,?
1,?,?,?
1,?,0.036,?
1,?,?,?
1,?,?,?
1,?,0.011,?
1,?,?,?
1,?,?,?
1,?,?,?
1,?,?,?
1,?,?,?
1,?,?,?
1,?,?,?
1,?,?,?
1,?,?,?
1,?,0.098,?
1,?,?,?
1,?,?,?
1,?,?,?
1,?,?,?
1,?,?,?
1,?,?,?
1,?,?,?
1,?,?,?
1,?,?,?
1,?,?,?
1,?,?,?
1,?,?,?
1,?,?,?
1,?,?,?
1,?,?,?
1,?,?,?
1,?,?,?
1,?,?,?
1,?,?,?
1,?,?,?
1,?,?,?
1,?,?,?
1,?,?,?
1,?,?,?
1,?,?,?
1,?,?,?
1,?,?,?
1,?,?,?
1,?,?,?
1,?,?,?
1,?,?,?
1,?,?,?
1,?,?,?
1,?,?,?
1,?,?,?
1,?,?,?
1,?,?,?
1,?,?,?
1,?,?,?
1,?,?,?
1,?,?,?
1,?,?,?
1,?,?,?
1,?,?,?
1,?,0.007,?
1,?,?,?
1,?,?,?
1,?,?,?
1,?,?,?
1,?,?,?
1,?,?,?
1,?,0.033,?
1,?,?,?
1,?,?,?
1,?,?,?
1,?,?,?
1,?,?,?
1,?,?,?
1,?,?,?
1,?,?,?
1,?,?,?
1,?,?,?
1,?,?,?
1,?,?,?
1,?,0.067,?
1,?,?,?
1,?,?,?
1,?,0.036,?
1,?,0.013,?
1,?,?,?
1,?,0.143,?
1,?,?,?
1,?,?,?
1,?,?,?
1,?,0.143,?
1,?,?,?
1,?,?,?
1,?,?,?
1,?,?,?
1,?,?,?
1,?,?,?
1,?,?,?
1,?,?,?
1,?,?,?
1,?,0.007,?
1,?,?,?
1,?,?,?
1,?,?,?
1,?,0.5,?
1,?,?,?
1,?,?,?
1,?,?,?
1,?,?,?
1,?,0.167,?
1,?,?,?
1,?,?,?
1,?,0.04,?
1,?,?,?
1,?,?,?
1,?,?,?
1,?,?,?
1,?,?,?
1,?,?,?
1,?,?,?
1,?,?,?
1,?,?,?
1,?,?,?
1,?,?,?
1,?,?,?
1,?,0.002,?
1,?,?,?
1,?,?,?
1,?,?,?
1,?,?,?
1,?,?,?
1,?,?,?
1,?,?,?
1,?,?,?
1,?,?,?
1,?,?,?
1,?,?,?
1,?,?,?
1,?,?,?
1,?,?,?
1,?,?,?
1,?,?,?
1,?,0.022,?
1,?,?,?
1,?,?,?
1,?,?,?
1,?,?,?
1,?,?,?
1,?,?,?
1,?,?,?
1,?,?,?
1,?,?,?
1,?,?,?
1,?,?,?
1,?,?,?
1,?,?,?
1,?,?,?
1,?,?,?
1,?,?,?
1,?,?,?
1,?,?,?
1,?,?,?
1,?,?,?
1,?,?,?
1,?,?,?
1,?,?,?
1,?,?,?
1,?,?,?
1,?,?,?
1,?,?,?
1,?,?,?
1,?,?,?
1,?,0.006,?
1,?,?,?
1,?,?,?
1,?,?,?
1,?,?,?
1,?,?,?
1,?,?,?
1,?,?,?
1,?,?,?
1,?,?,?
1,?,?,?
1,?,?,?
1,?,?,?
1,?,?,?
1,?,?,?
1,?,0.143,?
1,?,0.125,?
1,?,?,?
1,?,?,?
1,?,?,?
1,?,?,?
1,?,?,?
1,?,?,?
1,?,?,?
1,?,?,?
1,?,0.049,?
1,?,?,?
1,?,0.031,?
1,?,?,?
1,?,?,?
1,?,?,?
1,?,?,?
1,?,?,?
1,?,?,?
1,?,?,?
1,?,?,?
1,?,?,?
1,?,0.006,?
1,?,?,?
1,?,?,?
1,?,?,?
1,?,0.002,?
1,?,?,?
1,?,?,?
1,?,?,?
1,?,?,?
1,?,?,?
1,?,?,?
1,?,?,?
1,?,?,?
1,?,?,?
1,?,?,?
1,?,?,?
1,?,?,?
1,?,?,?
1,?,?,?
1,?,?,?
1,?,?,?
1,?,?,?
1,?,?,?
1,?,0.098,?
1,?,?,?
1,?,?,?
1,?,?,?
1,?,?,?
1,?,?,?
1,?,?,?
1,?,?,?
1,?,?,?
1,?,?,?
1,?,?,?
1,?,?,?
1,?,?,?
1,?,?,?
1,?,?,?
1,?,?,?
1,?,?,?
1,?,?,?
1,?,?,?
1,?,?,?
1,?,?,?
1,?,?,?
1,?,?,?
1,?,?,?
1,?,?,?
1,?,0.007,?
1,?,?,?
1,?,?,?
1,?,?,?
1,?,?,?
1,?,?,?
1,?,?,?
1,?,?,?
1,?,?,?
1,?,?,?
1,?,0.067,?
1,?,?,?
1,?,?,?
1,?,?,?
1,?,0.05,?
1,?,?,?
1,?,?,?
1,?,?,?
1,?,?,?
1,?,0.029,?
1,?,?,?
1,?,?,?
1,?,?,?
1,?,?,?
1,?,?,?
1,?,?,?
1,?,?,?
1,?,?,?
1,?,?,?
1,?,?,?
1,?,?,?
1,?,?,?
1,?,?,?
1,?,?,?
1,?,?,?
1,?,?,?
1,?,?,?
1,?,?,?
1,?,?,?
1,?,?,?
1,?,?,?
1,?,?,?
1,?,?,?
1,?,?,?
1,?,?,?
1,?,?,?
1,?,?,?
1,?,?,?
1,?,?,?
1,?,?,?
1,?,?,?
1,?,?,?
1,?,?,?
1,?,?,?
1,?,?,?
1,?,?,?
1,?,?,?
1,?,?,?
1,?,?,?
1,?,0.333,?
1,?,?,?
1,?,?,?
1,?,?,?
1,?,?,?
1,?,0.006,?
1,?,?,?
1,?,0.002,?
1,?,?,?
1,?,?,?
1,?,?,?
1,?,?,?
1,?,?,?
1,?,?,?
1,?,?,?
1,?,?,?
1,?,?,?
1,?,0.01,?
1,?,?,?
1,?,0.02,?
1,?,?,?
1,?,?,?
1,?,0.006,?
1,?,?,?
1,?,0.333,?
1,?,?,?
1,?,?,?
1,?,?,?
1,?,?,?
1,?,?,?
1,?,?,?
1,?,?,?
1,?,?,?
1,?,?,?
1,?,?,?
1,?,0.007,?
1,?,?,?
1,?,?,?
1,?,?,?
1,?,?,?
1,?,?,?
1,?,?,?
1,?,?,?
1,?,?,?
1,?,?,?
1,?,?,?
1,?,?,?
1,?,?,?
1,?,?,?
1,?,0.013,?
1,?,?,?
1,?,?,?
1,?,?,?
1,?,?,?
1,?,?,?
1,?,?,?
1,?,?,?
1,?,?,?
1,?,?,?
1,?,?,?
1,?,?,?
1,?,?,?
1,?,?,?
1,?,?,?
1,?,?,?
1,?,?,?
1,?,?,?
1,?,?,?
1,?,?,?
1,?,?,?
1,?,0.006,?
1,?,?,?
1,?,?,?
1,?,?,?
1,?,?,?
1,?,?,?
1,?,?,?
1,?,?,?
1,?,?,?
1,?,?,?
1,?,?,?
1,?,?,?
1,?,?,?
1,?,?,?
1,?,?,?
1,?,?,?
1,?,?,?
1,?,?,?
1,?,?,?
1,?,?,?
1,?,?,?
1,?,?,?
1,?,?,?
1,?,?,?
1,?,?,?
1,?,?,?
1,?,0.083,?
1,?,?,?
1,?,?,?
1,?,?,?
1,?,?,?
1,?,?,?
1,?,?,?
1,?,?,?
1,?,?,?
1,?,0.071,?
1,?,?,?
1,?,?,?
1,?,?,?
1,?,0.002,?
1,?,?,?
1,?,?,?
1,?,?,?
1,?,?,?
1,?,?,?
1,?,?,?
1,?,?,?
1,?,?,?
1,?,?,?
1,?,?,?
1,?,?,?
1,?,?,?
1,?,?,?
1,?,?,?
1,?,?,?
1,?,?,?
1,?,?,?
1,?,?,?
1,?,0.037,?
1,?,?,?
1,?,?,?
1,?,?,?
1,?,?,?
1,?,?,?
1,?,?,?
1,?,?,?
1,?,?,?
1,?,?,?
1,?,?,?
1,?,?,?
1,?,?,?
1,?,?,?
1,?,?,?
1,?,?,?
1,?,?,?
1,?,?,?
1,?,?,?
1,?,?,?
1,?,?,?
1,?,1,?
1,?,?,?
1,?,?,?
1,?,?,?
1,?,?,?
1,?,?,?
1,?,?,?
1,?,?,?
1,?,?,?
1,?,?,?
1,?,?,?
1,?,?,?
1,?,?,?
1,?,?,?
1,?,?,?
1,?,?,?
1,?,?,?
1,?,?,?
1,?,?,?
1,?,?,?
1,?,?,?
1,?,?,?
1,?,?,?
1,?,?,?
1,?,?,?
1,?,0.006,?
1,?,?,?
1,?,?,?
1,?,?,?
1,?,?,?
1,?,?,?
1,?,?,?
1,?,?,?
1,?,?,?
1,?,?,?
1,?,?,?
1,?,?,?
1,?,?,?
1,?,?,?
1,?,?,?
1,?,?,?
1,?,?,?
1,?,?,?
1,?,?,?
1,?,?,?
1,?,?,?
1,?,?,?
1,?,?,?
1,?,?,?
1,?,?,?
1,?,?,?
1,?,?,?
1,?,?,?
1,?,?,?
1,?,?,?
1,?,?,?
1,?,?,?
1,?,?,?
1,?,?,?
1,?,?,?
1,?,?,?
1,?,?,?
1,?,?,?
1,?,?,?
1,?,?,?
1,?,?,?
1,?,?,?
1,?,?,?
1,?,?,?
1,?,?,?
1,?,?,?
1,?,?,?
1,?,?,?
1,?,?,?
1,?,?,?
1,?,0.333,?
1,?,0.125,?
1,?,?,?
1,?,?,?
1,?,?,?
1,?,?,?
1,?,?,?
1,?,?,?
1,?,?,?
1,?,?,?
1,?,?,?
1,?,?,?
1,?,0.002,?
1,?,?,?
1,?,?,?
1,?,?,?
1,?,?,?
1,?,?,?
1,?,?,?
1,?,?,?
1,?,?,?
1,?,?,?
1,?,?,?
1,?,?,?
1,?,?,?
1,?,?,?
1,?,?,?
1,?,?,?
1,?,?,?
1,?,?,?
1,?,?,?
1,?,?,?
1,?,?,?
1,?,?,?
1,?,?,?
1,?,?,?
1,?,?,?
1,?,?,?
1,?,?,?
1,?,?,?
1,?,?,?
1,?,?,?
1,?,?,?
1,?,?,?
1,?,?,?
1,?,?,?
1,?,?,?
1,?,0.065,?
1,?,?,?
1,?,?,?
1,?,?,?
1,?,?,?
1,?,?,?
1,?,0.225,?
1,?,?,?
1,?,?,?
1,?,?,?
1,?,?,?
1,?,?,?
1,?,?,?
1,?,?,?
1,?,?,?
1,?,0.023,?
1,?,?,?
1,?,?,?
1,?,?,?
1,?,?,?
1,?,?,?
1,?,?,?
1,?,?,?
1,?,?,?
1,?,?,?
1,?,0.002,?
1,?,?,?
1,?,?,?
1,?,?,?
1,?,?,?
1,?,0.014,?
1,?,0.071,?
1,?,?,?
1,?,?,?
1,?,?,?
1,?,?,?
1,?,?,?
1,?,?,?
1,?,?,?
1,?,0.5,?
1,?,?,?
1,?,?,?
1,?,?,?
1,?,?,?
1,?,?,?
1,?,0.006,?
1,?,?,?
1,?,?,?
1,?,0.5,?
1,?,?,?
1,?,?,?
1,?,?,?
1,?,?,?
1,?,?,?
1,?,?,?
1,?,?,?
1,?,?,?
1,?,?,?
1,?,?,?
1,?,?,?
1,?,?,?
1,?,0.02,?
1,?,0.008,?
1,?,0.014,?
1,?,?,?
1,?,?,?
1,?,?,?
1,?,?,?
1,?,?,?
1,?,?,?
1,?,?,?
1,?,?,?
1,?,?,?
1,?,?,?
1,?,?,?
1,?,?,?
1,?,?,?
1,?,?,?
1,?,0.007,?
1,?,?,?
1,?,?,?
1,?,?,?
1,?,?,?
1,?,?,?
1,?,?,?
1,?,0.049,?
1,?,?,?
1,?,?,?
1,?,?,?
1,?,?,?
1,?,?,?
1,?,?,?
1,?,?,?
1,?,?,?
1,?,?,?
1,?,?,?
1,?,?,?
1,?,?,?
1,?,0.202,?
1,?,?,?
1,?,?,?
1,?,?,?
1,?,?,?
1,?,?,?
1,?,?,?
1,?,?,?
1,?,?,?
1,?,?,?
1,?,?,?
1,?,?,?
1,?,?,?
1,?,?,?
1,?,?,?
1,?,?,?
1,?,?,?
1,?,?,?
1,?,?,?
1,?,?,?
1,?,?,?
1,?,?,?
1,?,?,?
1,?,?,?
1,?,?,?
1,?,?,?
1,?,?,?
1,?,?,?
1,?,?,?
1,?,0.02,?
1,?,?,?
1,?,?,?
1,?,?,?
1,?,?,?
1,?,?,?
1,?,?,?
1,?,?,?
1,?,?,?
1,?,?,?
1,?,?,?
1,?,?,?
1,?,?,?
1,?,0.588,?
1,?,?,?
1,?,0.143,?
1,?,0.5,?
1,?,?,?
1,?,?,?
1,?,?,?
1,?,?,?
1,?,?,?
1,?,?,?
1,?,?,?
1,?,?,?
1,?,?,?
1,?,?,?
1,?,?,?
1,?,?,?
1,?,?,?
1,?,0.015,?
1,?,?,?
1,?,?,?
1,?,?,?
1,?,?,?
1,?,?,?
1,?,?,?
1,?,?,?
1,?,?,?
1,?,?,?
1,?,?,?
1,?,?,?
1,?,0.01,?
1,?,?,?
1,?,?,?
1,?,?,?
1,?,?,?
1,?,?,?
1,?,?,?
1,?,?,?
1,?,?,?
1,?,?,?
1,?,0.006,?
1,?,?,?
1,?,?,?
1,?,?,?
1,?,?,?
1,?,?,?
1,?,?,?
1,?,?,?
1,?,?,?
1,?,?,?
1,?,?,?
1,?,?,?
1,?,?,?
1,?,?,?
1,?,?,?
1,?,?,?
1,?,?,?
1,?,?,?
1,?,?,?
1,?,?,?
1,?,?,?
1,?,0.167,?
1,?,?,?
1,?,?,?
1,?,?,?
1,?,0.014,?
1,?,?,?
1,?,?,?
1,?,?,?
1,?,?,?
1,?,?,?
1,?,?,?
1,?,0.017,?
1,?,?,?
1,?,0.008,?
1,?,?,?
1,?,?,?
1,?,?,?
1,?,?,?
1,?,?,?
1,?,?,?
1,?,?,?
1,?,?,?
1,?,?,?
1,?,?,?
1,?,?,?
1,?,?,?
1,?,?,?
1,?,0.1,?
1,?,?,?
1,?,?,?
1,?,?,?
1,?,?,?
1,?,?,?
1,?,?,?
1,?,?,?
1,?,?,?
1,?,?,?
1,?,?,?
1,?,?,?
1,?,?,?
1,?,?,?
1,?,?,?
1,?,?,?
1,?,?,?
1,?,?,?
1,?,?,?
1,?,0.182,?
1,?,?,?
1,?,?,?
1,?,?,?
1,?,?,?
1,?,?,?
1,?,?,?
1,?,?,?
1,?,?,?
1,?,?,?
1,?,?,?
1,?,?,?
1,?,?,?
1,?,?,?
1,?,?,?
1,?,?,?
1,?,?,?
1,?,?,?
1,?,?,?
1,?,?,?
1,?,?,?
1,?,?,?
1,?,?,?
1,?,?,?
1,?,?,?
1,?,?,?
1,?,?,?
1,?,?,?
1,?,?,?
1,?,?,?
1,?,?,?
1,?,?,?
1,?,?,?
1,?,?,?
1,?,?,?
1,?,?,?
1,?,?,?
1,?,?,?
1,?,?,?
1,?,?,?
1,?,?,?
1,?,?,?
1,?,?,?
1,?,?,?
1,?,?,?
1,?,?,?
1,?,0.022,?
1,?,?,?
1,?,?,?
1,?,?,?
1,?,?,?
1,?,?,?
1,?,?,?
1,?,?,?
1,?,?,?
1,?,?,?
1,?,?,?
1,?,?,?
1,?,?,?
1,?,?,?
1,?,0.042,?
1,?,?,?
1,?,?,?
1,?,?,?
1,?,?,?
1,?,?,?
1,?,?,?
1,?,0.102,?
1,?,?,?
1,?,?,?
1,?,?,?
1,?,?,?
1,?,?,?
1,?,?,?
1,?,?,?
1,?,?,?
1,?,?,?
1,?,?,?
1,?,?,?
1,?,?,?
1,?,?,?
1,?,0.063,?
1,?,?,?
1,?,0.008,?
1,?,0.006,?
1,?,?,?
1,?,?,?
1,?,?,?
1,?,?,?
1,?,?,?
1,?,?,?
1,?,?,?
1,?,?,?
1,?,?,?
1,?,0.034,?
1,?,?,?
1,?,?,?
1,?,?,?
1,?,?,?
1,?,0.25,?
1,?,?,?
1,?,0.084,?
1,?,?,?
1,?,?,?
1,?,?,?
1,?,?,?
1,?,?,?
1,?,?,?
1,?,?,?
1,?,?,?
1,?,?,?
1,?,?,?
1,?,?,?
1,?,?,?
1,?,?,?
1,?,?,?
1,?,?,?
1,?,?,?
1,?,?,?
1,?,?,?
1,?,?,?
1,?,?,?
1,?,?,?
1,?,?,?
1,?,?,?
1,?,?,?
1,?,?,?
1,?,?,?
1,?,?,?
1,?,?,?
1,?,?,?
1,?,?,?
1,?,?,?
1,?,?,?
1,?,?,?
1,?,?,?
1,?,?,?
1,?,?,?
1,?,?,?
1,?,?,?
1,?,?,?
1,?,?,?
1,?,?,?
1,?,?,?
1,?,?,?
1,?,?,?
1,?,?,?
1,?,?,?
1,?,?,?
1,?,?,?
1,?,?,?
1,?,?,?
1,?,?,?
1,?,?,?
1,?,?,?
1,?,?,?
1,?,?,?
1,?,?,?
1,?,?,?
1,?,?,?
1,?,?,?
1,?,0.006,?
1,?,?,?
1,?,?,?
1,?,?,?
1,?,?,?
1,?,?,?
1,?,?,?
1,?,?,?
1,?,?,?
1,?,0.036,?
1,?,?,?
1,?,?,?
1,?,?,?
1,?,?,?
1,?,?,?
1,?,?,?
1,?,0.007,?
1,?,?,?
1,?,?,?
1,?,0.067,?
1,?,?,?
1,?,?,?
1,?,?,?
1,?,?,?
1,?,?,?
1,?,?,?
1,?,?,?
1,?,?,?
1,?,?,?
1,?,?,?
1,?,?,?
1,?,0.014,?
1,?,?,?
1,?,?,?
1,?,?,?
1,?,0.016,?
1,?,?,?
1,?,?,?
1,?,?,?
1,?,?,?
1,?,0.019,?
1,?,?,?
1,?,?,?
1,?,?,?
1,?,?,?
1,?,?,?
1,?,?,?
1,?,?,?
1,?,?,?
1,?,?,?
1,?,?,?
1,?,?,?
1,?,?,?
1,?,?,?
1,?,?,?
1,?,?,?
1,?,?,?
1,?,?,?
1,?,?,?
1,?,?,?
1,?,?,?
1,?,?,?
1,?,?,?
1,?,0.071,?
1,?,?,?
1,?,?,?
1,?,0.167,?
1,?,?,?
1,?,?,?
1,?,?,?
1,?,?,?
1,?,?,?
1,?,?,?
1,?,?,?
1,?,?,?
1,?,?,?
1,?,?,?
1,?,?,?
1,?,?,?
1,?,?,?
1,?,?,?
1,?,?,?
1,?,0.1,?
1,?,?,?
1,?,0.005,?
1,?,?,?
1,?,0.002,?
1,?,?,?
1,?,?,?
1,?,?,?
1,?,?,?
1,?,?,?
1,?,?,?
1,?,?,?
1,?,?,?
1,?,?,?
1,?,?,?
1,?,?,?
1,?,?,?
1,?,?,?
1,?,?,?
1,?,?,?
1,?,?,?
1,?,?,?
1,?,?,?
1,?,?,?
1,?,?,?
1,?,?,?
1,?,?,?
1,?,?,?
1,?,?,?
1,?,?,?
1,?,?,?
1,?,?,?
1,?,?,?
1,?,?,?
1,?,0.341,?
1,?,?,?
1,?,?,?
1,?,0.333,?
1,?,?,?
1,?,0.006,?
1,?,?,?
1,?,?,?
1,?,?,?
1,?,?,?
1,?,?,?
1,?,?,?
1,?,?,?
1,?,?,?
1,?,?,?
1,?,?,?
1,?,?,?
1,?,?,?
1,?,?,?
1,?,?,?
1,?,?,?
1,?,?,?
1,?,?,?
1,?,?,?
1,?,?,?
1,?,?,?
1,?,0.129,?
1,?,0.006,?
1,?,?,?
1,?,?,?
1,?,?,?
1,?,?,?
1,?,0.006,?
1,?,?,?
1,?,?,?
1,?,?,?
1,?,?,?
1,?,?,?
1,?,?,?
1,?,?,?
1,?,?,?
1,?,?,?
1,?,?,?
1,?,?,?
1,?,?,?
1,?,?,?
1,?,?,?
1,?,?,?
1,?,?,?
1,?,?,?
1,?,?,?
1,?,?,?
1,?,?,?
1,?,?,?
1,?,?,?
1,?,?,?
1,?,?,?
1,?,?,?
1,?,?,?
1,?,?,?
1,?,?,?
1,?,0.014,?
1,?,?,?
1,?,?,?
1,?,?,?
1,?,?,?
1,?,?,?
1,?,?,?
1,?,?,?
1,?,?,?
1,?,?,?
1,?,?,?
1,?,?,?
1,?,?,?
1,?,?,?
1,?,?,?
1,?,?,?
1,?,?,?
1,?,?,?
1,?,?,?
1,?,?,?
1,?,0.111,?
1,?,0.02,?
1,?,?,?
1,?,?,?
1,?,?,?
1,?,?,?
1,?,?,?
1,?,0.013,?
1,?,?,?
1,?,?,?
1,?,?,?
1,?,0.111,?
1,?,?,?
1,?,?,?
1,?,?,?
1,?,?,?
1,?,?,?
1,?,?,?
1,?,?,?
1,?,?,?
1,?,?,?
1,?,?,?
1,?,?,?
1,?,0.143,?
1,?,?,?
1,?,?,?
1,?,?,?
1,?,?,?
1,?,?,?
1,?,?,?
1,?,?,?
1,?,?,?
1,?,?,?
1,?,?,?
1,?,?,?
1,?,?,?
1,?,?,?
1,?,?,?
1,?,?,?
1,?,?,?
1,?,?,?
1,?,?,?
1,?,0.111,?
1,?,?,?
1,?,0.028,?
1,?,?,?
1,?,?,?
1,?,?,?
1,?,?,?
1,?,?,?
1,?,?,?
1,?,?,?
1,?,?,?
1,?,?,?
1,?,?,?
1,?,?,?
1,?,?,?
1,?,?,?
1,?,?,?
1,?,?,?
1,?,?,?
1,?,?,?
1,?,?,?
1,?,?,?
1,?,?,?
1,?,?,?
1,?,?,?
1,?,?,?
1,?,?,?
1,?,?,?
1,?,?,?
1,?,?,?
1,?,?,?
1,?,?,?
1,?,?,?
1,?,?,?
1,?,0.598,?
1,?,?,?
1,?,?,?
1,?,?,?
1,?,?,?
1,?,?,?
1,?,0.015,?
1,?,?,?
1,?,?,?
1,?,?,?
1,?,?,?
1,?,?,?
1,?,?,?
1,?,?,?
1,?,?,?
1,?,?,?
1,?,?,?
1,?,?,?
1,?,?,?
1,?,?,?
1,?,?,?
1,?,0.006,?
1,?,?,?
1,?,?,?
1,?,0.007,?
1,?,?,?
1,?,?,?
1,?,?,?
1,?,?,?
1,?,?,?
1,?,?,?
1,?,0.002,?
1,?,?,?
1,?,?,?
1,?,?,?
1,?,?,?
1,?,?,?
1,?,0.002,?
1,?,?,?
1,?,?,?
1,?,0.071,?
1,?,?,?
1,?,?,?
1,?,?,?
1,?,?,?
1,?,?,?
1,?,?,?
1,?,0.1,?
1,?,?,?
1,?,?,?
1,?,?,?
1,?,?,?
1,?,?,?
1,?,?,?
1,?,?,?
1,?,?,?
1,?,?,?
1,?,?,?
1,?,?,?
1,?,?,?
1,?,?,?
1,?,?,?
1,?,?,?
1,?,?,?
1,?,?,?
1,?,?,?
1,?,?,?
1,?,?,?
1,?,?,?
1,?,?,?
1,?,?,?
1,?,?,?
1,?,?,?
1,?,?,?
1,?,?,?
1,?,?,?
1,?,0.024,?
1,?,?,?
1,?,?,?
1,?,?,?
1,?,?,?
1,?,?,?
1,?,?,?
1,?,?,?
1,?,?,?
1,?,?,?
1,?,?,?
1,?,?,?
1,?,?,?
1,?,?,?
1,?,?,?
1,?,?,?
1,?,?,?
1,?,?,?
1,?,0.056,?
1,?,?,?
1,?,?,?
1,?,?,?
1,?,?,?
1,?,?,?
1,?,?,?
1,?,?,?
1,?,?,?
1,?,?,?
1,?,?,?
1,?,?,?
1,?,?,?
1,?,?,?
1,?,?,?
1,?,?,?
1,?,?,?
1,?,?,?
1,?,?,?
1,?,?,?
1,?,0.195,?
1,?,0.07,?
1,?,?,?
1,?,?,?
1,?,?,?
1,?,?,?
1,?,?,?
1,?,?,?
1,?,?,?
1,?,?,?
1,?,0.167,?
1,?,?,?
1,?,0.04,?
1,?,?,?
1,?,0.036,?
1,?,?,?
1,?,?,?
1,?,?,?
1,?,?,?
1,?,?,?
1,?,0.071,?
1,?,?,?
1,?,?,?
1,?,?,?
1,?,?,?
1,?,?,?
1,?,?,?
1,?,?,?
1,?,?,?
1,?,?,?
1,?,?,?
1,?,?,?
1,?,?,?
1,?,?,?
1,?,0.021,?
1,?,?,?
1,?,?,?
1,?,?,?
1,?,0.171,?
1,?,?,?
1,?,?,?
1,?,?,?
1,?,?,?
1,?,?,?
1,?,0.2,?
1,?,?,?
1,?,?,?
1,?,?,?
1,?,?,?
1,?,?,?
1,?,?,?
1,?,?,?
1,?,?,?
1,?,?,?
1,?,?,?
1,?,?,?
1,?,0.049,?
1,?,?,?
1,?,?,?
1,?,?,?
1,?,?,?
1,?,?,?
1,?,?,?
1,?,?,?
1,?,?,?
1,?,?,?
1,?,?,?
1,?,?,?
1,?,?,?
1,?,?,?
1,?,?,?
1,?,0.071,?
1,?,?,?
1,?,0.02,?
1,?,?,?
1,?,0.024,?
1,?,?,?
1,?,0.02,?
1,?,0.02,?
1,?,?,?
1,?,?,?
1,?,?,?
1,?,?,?
1,?,?,?
1,?,?,?
1,?,?,?
1,?,?,?
1,?,?,?
1,?,?,?
1,?,?,?
1,?,?,?
1,?,?,?
1,?,?,?
1,?,?,?
1,?,?,?
1,?,?,?
1,?,?,?
1,?,?,?
1,?,?,?
1,?,?,?
1,?,0.012,?
1,?,?,?
1,?,?,?
1,?,?,?
1,?,?,?
1,?,0.333,?
1,?,?,?
1,?,0.043,?
1,?,?,?
1,?,?,?
1,?,?,?
1,?,?,?
1,?,?,?
1,?,?,?
1,?,?,?
1,?,?,?
1,?,?,?
1,?,?,?
1,?,?,?
1,?,?,?
1,?,?,?
1,?,?,?
1,?,?,?
1,?,?,?
1,?,?,?
1,?,?,?
1,?,?,?
1,?,?,?
1,?,?,?
1,?,?,?
1,?,?,?
1,?,?,?
1,?,?,?
1,?,?,?
1,?,?,?
1,?,0.002,?
1,?,?,?
1,?,0.007,?
1,?,?,?
1,?,?,?
1,?,?,?
1,?,?,?
1,?,?,?
1,?,?,?
1,?,?,?
1,?,?,?
1,?,?,?
1,?,?,?
1,?,?,?
1,?,0.002,?
1,?,?,?
1,?,?,?
1,?,?,?
1,?,?,?
1,?,?,?
1,?,?,?
1,?,?,?
1,?,?,?
1,?,?,?
1,?,?,?
1,?,?,?
1,?,?,?
1,?,?,?
1,?,?,?
1,?,?,?
1,?,?,?
1,?,?,?
1,?,?,?
1,?,?,?
1,?,?,?
1,?,?,?
1,?,?,?
1,?,?,?
1,?,?,?
1,?,?,?
1,?,?,?
1,?,?,?
1,?,?,?
1,?,?,?
1,?,0.034,?
1,?,?,?
1,?,?,?
1,?,?,?
1,?,?,?
1,?,?,?
1,?,0.002,?
1,?,?,?
1,?,?,?
1,?,0.136,?
1,?,?,?
1,?,?,?
1,?,?,?
1,?,?,?
1,?,?,?
1,?,?,?
1,?,?,?
1,?,?,?
1,?,?,?
1,?,?,?
1,?,?,?
1,?,?,?
1,?,?,?
1,?,?,?
1,?,?,?
1,?,?,?
1,?,?,?
1,?,?,?
1,?,0.031,?
1,?,?,?
1,?,?,?
1,?,?,?
1,?,?,?
1,?,?,?
1,?,?,?
1,?,?,?
1,?,0.202,?
1,?,?,?
1,?,?,?
1,?,?,?
1,?,0.028,?
1,?,?,?
1,?,?,?
1,?,0.333,?
1,?,?,?
1,?,?,?
1,?,?,?
1,?,?,?
1,?,?,?
1,?,?,?
1,?,?,?
1,?,?,?
1,?,?,?
1,?,?,?
1,?,?,?
1,?,?,?
1,?,?,?
1,?,?,?
1,?,?,?
1,?,?,?
1,?,0.05,?
1,?,?,?
1,?,?,?
1,?,?,?
1,?,?,?
1,?,?,?
1,?,?,?
1,?,?,?
1,?,?,?
1,?,?,?
1,?,?,?
1,?,?,?
1,?,?,?
1,?,?,?
1,?,?,?
1,?,?,?
1,?,?,?
1,?,?,?
1,?,?,?
1,?,0.067,?
1,?,?,?
1,?,?,?
1,?,?,?
1,?,?,?
1,?,?,?
1,?,?,?
1,?,?,?
1,?,?,?
1,?,?,?
1,?,?,?
1,?,?,?
1,?,?,?
1,?,?,?
1,?,?,?
1,?,?,?
1,?,0.091,?
1,?,?,?
1,?,?,?
1,?,?,?
1,?,?,?
1,?,?,?
1,?,?,?
1,?,?,?
1,?,?,?
1,?,?,?
1,?,?,?
1,?,?,?
1,?,?,?
1,?,?,?
1,?,?,?
1,?,?,?
1,?,?,?
1,?,?,?
1,?,?,?
1,?,?,?
1,?,?,?
1,?,?,?
1,?,?,?
1,?,?,?
1,?,?,?
1,?,?,?
1,?,0.333,?
1,?,?,?
1,?,?,?
1,?,?,?
1,?,?,?
1,?,?,?
1,?,?,?
1,?,?,?
1,?,?,?
1,?,?,?
1,?,?,?
1,?,?,?
1,?,?,?
1,?,?,?
1,?,?,?
1,?,?,?
1,?,0.065,?
1,?,?,?
1,?,?,?
1,?,?,?
1,?,?,?
1,?,?,?
1,?,?,?
1,?,?,?
1,?,?,?
1,?,?,?
1,?,0.029,?
1,?,?,?
1,?,?,?
1,?,?,?
1,?,?,?
1,?,?,?
1,?,?,?
1,?,?,?
1,?,?,?
1,?,?,?
1,?,?,?
1,?,?,?
1,?,?,?
1,?,0.084,?
1,?,?,?
1,?,?,?
1,?,?,?
1,?,?,?
1,?,?,?
1,?,?,?
1,?,?,?
1,?,?,?
1,?,?,?
1,?,?,?
1,?,?,?
1,?,?,?
1,?,?,?
1,?,?,?
1,?,?,?
1,?,?,?
1,?,?,?
1,?,0.034,?
1,?,?,?
1,?,?,?
1,?,?,?
1,?,?,?
1,?,?,?
1,?,?,?
1,?,?,?
1,?,?,?
1,?,?,?
1,?,?,?
1,?,?,?
1,?,?,?
1,?,?,?
1,?,?,?
1,?,?,?
1,?,?,?
1,?,?,?
1,?,?,?
1,?,?,?
1,?,?,?
1,?,?,?
1,?,?,?
1,?,0.018,?
1,?,0.01,?
1,?,?,?
1,?,?,?
1,?,?,?
1,?,0.016,?
1,?,0.011,?
1,?,?,?
1,?,?,?
1,?,?,?
1,?,?,?
1,?,?,?
1,?,?,?
1,?,?,?
1,?,?,?
1,?,?,?
1,?,0.065,?
1,?,?,?
1,?,?,?
1,?,0.067,?
1,?,?,?
1,?,?,?
1,?,?,?
1,?,?,?
1,?,?,?
1,?,?,?
1,?,?,?
1,?,?,?
1,?,?,?
1,?,?,?
1,?,?,?
1,?,?,?
1,?,?,?
1,?,?,?
1,?,?,?
1,?,?,?
1,?,?,?
1,?,?,?
1,?,?,?
1,?,?,?
1,?,?,?
1,?,?,?
1,?,0.014,?
1,?,?,?
1,?,?,?
1,?,?,?
1,?,?,?
1,?,?,?
1,?,?,?
1,?,?,?
1,?,?,?
1,?,?,?
1,?,0.006,?
1,?,?,?
1,?,?,?
1,?,?,?
1,?,?,?
1,?,?,?
1,?,0.007,?
1,?,?,?
1,?,0.037,?
1,?,0.5,?
1,?,?,?
1,?,?,?
1,?,?,?
1,?,?,?
1,?,?,?
1,?,0.071,?
1,?,0.014,?
1,?,?,?
1,?,?,?
1,?,?,?
1,?,?,?
1,?,?,?
1,?,?,?
1,?,0.006,?
1,?,?,?
1,?,?,?
1,?,?,?
1,?,?,?
1,?,?,?
1,?,?,?
1,?,?,?
1,?,?,?
1,?,?,?
1,?,0.014,?
1,?,?,?
1,?,?,?
1,?,?,?
1,?,?,?
1,?,?,?
1,?,?,?
1,?,?,?
1,?,?,?
1,?,?,?
1,?,?,?
1,?,0.038,?
1,?,?,?
1,?,?,?
1,?,?,?
1,?,?,?
1,?,?,?
1,?,?,?
1,?,0.008,?
1,?,?,?
1,?,?,?
1,?,?,?
1,?,?,?
1,?,?,?
1,?,?,?
1,?,?,?
1,?,0.031,?
1,?,?,?
1,?,?,?
1,?,0.005,?
1,?,?,?
1,?,?,?
1,?,?,?
1,?,?,?
1,?,?,?
1,?,?,?
1,?,?,?
1,?,?,?
1,?,?,?
1,?,?,?
1,?,?,?
1,?,?,?
1,?,?,?
1,?,?,?
1,?,?,?
1,?,?,?
1,?,?,?
1,?,?,?
1,?,?,?
1,?,?,?
1,?,0.111,?
1,?,?,?
1,?,?,?
1,?,?,?
1,?,?,?
1,?,0.113,?
1,?,?,?
1,?,?,?
1,?,0.032,?
1,?,?,?
1,?,?,?
1,?,?,?
1,?,?,?
1,?,?,?
1,?,?,?
1,?,?,?
1,?,?,?
1,?,?,?
1,?,?,?
1,?,?,?
1,?,0.029,?
1,?,0.083,?
1,?,?,?
1,?,?,?
1,?,?,?
1,?,?,?
1,?,?,?
1,?,?,?
1,?,?,?
1,?,?,?
1,?,?,?
1,?,?,?
1,?,0.076,?
1,?,?,?
1,?,?,?
1,?,0.038,?
1,?,?,?
1,?,?,?
1,?,?,?
1,?,0.026,?
1,?,?,?
1,?,?,?
1,?,?,?
1,?,0.022,?
1,?,?,?
1,?,?,?
1,?,?,?
1,?,?,?
1,?,?,?
1,?,?,?
1,?,?,?
1,?,0.167,?
1,?,?,?
1,?,?,?
1,?,?,?
1,?,?,?
1,?,?,?
1,?,?,?
1,?,?,?
1,?,?,?
1,?,0.035,?
1,?,?,?
1,?,?,?
1,?,?,?
1,?,?,?
1,?,?,?
1,?,?,?
1,?,?,?
1,?,?,?
1,?,?,?
1,?,0.25,?
1,?,?,?
1,?,?,?
1,?,0.039,?
1,?,?,?
1,?,?,?
1,?,?,?
1,?,?,?
1,?,?,?
1,?,0.017,?
1,?,?,?
1,?,?,?
1,?,0.056,?
1,?,?,?
1,?,?,?
1,?,?,?
1,?,0.008,?
1,?,?,?
1,?,?,?
1,?,?,?
1,?,?,?
1,?,?,?
1,?,?,?
1,?,?,?
1,?,?,?
1,?,?,?
1,?,?,?
1,?,?,?
1,?,?,?
1,?,?,?
1,?,?,?
1,?,?,?
1,?,?,?
1,?,?,?
1,?,?,?
1,?,?,?
